[Mon Jan 13 08:46:37.738282 2025] [core:warn] [pid 20252:tid 668] AH00098: pid file C:/Users/akk1to/Documents/nodejs-projects/JUDGER/core/apache2/logs/httpd.pid overwritten -- Unclean shutdown of previous Apache run?
[Mon Jan 13 08:46:40.477973 2025] [mpm_winnt:notice] [pid 20252:tid 668] AH00455: Apache/2.4.25 (Win32) PHP/7.1.1 configured -- resuming normal operations
[Mon Jan 13 08:46:40.477973 2025] [mpm_winnt:notice] [pid 20252:tid 668] AH00456: Apache Lounge VC14 Server built: Dec 17 2016 10:42:52
[Mon Jan 13 08:46:40.477973 2025] [core:notice] [pid 20252:tid 668] AH00094: Command line: 'C:\\Users\\akk1to\\Documents\\nodejs-projects\\JUDGER\\core\\apache2\\bin\\httpd_z.exe -d C:/Users/akk1to/Documents/nodejs-projects/JUDGER/core/apache2 -f C:\\Users\\akk1to\\Documents\\nodejs-projects\\JUDGER\\core\\apache2\\conf\\httpd.conf -d C:\\Users\\akk1to\\Documents\\nodejs-projects\\JUDGER\\core\\apache2'
[Mon Jan 13 08:46:40.499445 2025] [mpm_winnt:notice] [pid 20252:tid 668] AH00418: Parent: Created child process 14136
[Mon Jan 13 08:46:42.046989 2025] [mpm_winnt:notice] [pid 14136:tid 716] AH00354: Child: Starting 150 worker threads.
[Mon Jan 13 08:46:42.101617 2025] [php7:notice] [pid 14136:tid 1920] [client ::1:51485] PHP Notice:  Undefined index: tname in C:\\Users\\akk1to\\Documents\\nodejs-projects\\JUDGER\\www\\index.php on line 44
[Mon Jan 13 08:47:47.308163 2025] [php7:warn] [pid 14136:tid 1920] [client ::1:51529] PHP Warning:  opendir(a:/submit/Logs/,a:/submit/Logs/): The system cannot find the path specified. (code: 3) in C:\\Users\\akk1to\\Documents\\nodejs-projects\\JUDGER\\www\\logs.php on line 4, referer: http://localhost/index.php
[Mon Jan 13 08:47:47.310679 2025] [php7:warn] [pid 14136:tid 1920] [client ::1:51529] PHP Warning:  opendir(a:/submit/Logs/): failed to open dir: No such file or directory in C:\\Users\\akk1to\\Documents\\nodejs-projects\\JUDGER\\www\\logs.php on line 4, referer: http://localhost/index.php
[Mon Jan 13 08:47:47.310679 2025] [php7:warn] [pid 14136:tid 1920] [client ::1:51529] PHP Warning:  readdir() expects parameter 1 to be resource, boolean given in C:\\Users\\akk1to\\Documents\\nodejs-projects\\JUDGER\\www\\logs.php on line 6, referer: http://localhost/index.php
[Mon Jan 13 08:47:48.305450 2025] [php7:warn] [pid 14136:tid 1920] [client ::1:51529] PHP Warning:  opendir(a:/submit/Logs/,a:/submit/Logs/): The system cannot find the path specified. (code: 3) in C:\\Users\\akk1to\\Documents\\nodejs-projects\\JUDGER\\www\\logs.php on line 4, referer: http://localhost/index.php
[Mon Jan 13 08:47:48.305450 2025] [php7:warn] [pid 14136:tid 1920] [client ::1:51529] PHP Warning:  opendir(a:/submit/Logs/): failed to open dir: No such file or directory in C:\\Users\\akk1to\\Documents\\nodejs-projects\\JUDGER\\www\\logs.php on line 4, referer: http://localhost/index.php
[Mon Jan 13 08:47:48.305450 2025] [php7:warn] [pid 14136:tid 1920] [client ::1:51529] PHP Warning:  readdir() expects parameter 1 to be resource, boolean given in C:\\Users\\akk1to\\Documents\\nodejs-projects\\JUDGER\\www\\logs.php on line 6, referer: http://localhost/index.php
[Mon Jan 13 08:47:49.304616 2025] [php7:warn] [pid 14136:tid 1920] [client ::1:51529] PHP Warning:  opendir(a:/submit/Logs/,a:/submit/Logs/): The system cannot find the path specified. (code: 3) in C:\\Users\\akk1to\\Documents\\nodejs-projects\\JUDGER\\www\\logs.php on line 4, referer: http://localhost/index.php
[Mon Jan 13 08:47:49.304616 2025] [php7:warn] [pid 14136:tid 1920] [client ::1:51529] PHP Warning:  opendir(a:/submit/Logs/): failed to open dir: No such file or directory in C:\\Users\\akk1to\\Documents\\nodejs-projects\\JUDGER\\www\\logs.php on line 4, referer: http://localhost/index.php
[Mon Jan 13 08:47:49.304616 2025] [php7:warn] [pid 14136:tid 1920] [client ::1:51529] PHP Warning:  readdir() expects parameter 1 to be resource, boolean given in C:\\Users\\akk1to\\Documents\\nodejs-projects\\JUDGER\\www\\logs.php on line 6, referer: http://localhost/index.php
[Mon Jan 13 08:47:50.989367 2025] [php7:warn] [pid 14136:tid 1920] [client ::1:51529] PHP Warning:  opendir(a:/submit/Logs/,a:/submit/Logs/): The system cannot find the path specified. (code: 3) in C:\\Users\\akk1to\\Documents\\nodejs-projects\\JUDGER\\www\\logs.php on line 4, referer: http://localhost/index.php
[Mon Jan 13 08:47:50.989367 2025] [php7:warn] [pid 14136:tid 1920] [client ::1:51529] PHP Warning:  opendir(a:/submit/Logs/): failed to open dir: No such file or directory in C:\\Users\\akk1to\\Documents\\nodejs-projects\\JUDGER\\www\\logs.php on line 4, referer: http://localhost/index.php
[Mon Jan 13 08:47:50.989367 2025] [php7:warn] [pid 14136:tid 1920] [client ::1:51529] PHP Warning:  readdir() expects parameter 1 to be resource, boolean given in C:\\Users\\akk1to\\Documents\\nodejs-projects\\JUDGER\\www\\logs.php on line 6, referer: http://localhost/index.php
[Mon Jan 13 08:47:51.307713 2025] [php7:warn] [pid 14136:tid 1920] [client ::1:51529] PHP Warning:  opendir(a:/submit/Logs/,a:/submit/Logs/): The system cannot find the path specified. (code: 3) in C:\\Users\\akk1to\\Documents\\nodejs-projects\\JUDGER\\www\\logs.php on line 4, referer: http://localhost/index.php
[Mon Jan 13 08:47:51.307713 2025] [php7:warn] [pid 14136:tid 1920] [client ::1:51529] PHP Warning:  opendir(a:/submit/Logs/): failed to open dir: No such file or directory in C:\\Users\\akk1to\\Documents\\nodejs-projects\\JUDGER\\www\\logs.php on line 4, referer: http://localhost/index.php
[Mon Jan 13 08:47:51.307713 2025] [php7:warn] [pid 14136:tid 1920] [client ::1:51529] PHP Warning:  readdir() expects parameter 1 to be resource, boolean given in C:\\Users\\akk1to\\Documents\\nodejs-projects\\JUDGER\\www\\logs.php on line 6, referer: http://localhost/index.php
[Mon Jan 13 08:47:53.287832 2025] [php7:warn] [pid 14136:tid 1920] [client ::1:51529] PHP Warning:  opendir(a:/submit/Logs/,a:/submit/Logs/): The system cannot find the path specified. (code: 3) in C:\\Users\\akk1to\\Documents\\nodejs-projects\\JUDGER\\www\\logs.php on line 4, referer: http://localhost/index.php
[Mon Jan 13 08:47:53.287832 2025] [php7:warn] [pid 14136:tid 1920] [client ::1:51529] PHP Warning:  opendir(a:/submit/Logs/): failed to open dir: No such file or directory in C:\\Users\\akk1to\\Documents\\nodejs-projects\\JUDGER\\www\\logs.php on line 4, referer: http://localhost/index.php
[Mon Jan 13 08:47:53.287832 2025] [php7:warn] [pid 14136:tid 1920] [client ::1:51529] PHP Warning:  readdir() expects parameter 1 to be resource, boolean given in C:\\Users\\akk1to\\Documents\\nodejs-projects\\JUDGER\\www\\logs.php on line 6, referer: http://localhost/index.php
[Mon Jan 13 08:47:54.305827 2025] [php7:warn] [pid 14136:tid 1920] [client ::1:51529] PHP Warning:  opendir(a:/submit/Logs/,a:/submit/Logs/): The system cannot find the path specified. (code: 3) in C:\\Users\\akk1to\\Documents\\nodejs-projects\\JUDGER\\www\\logs.php on line 4, referer: http://localhost/index.php
[Mon Jan 13 08:47:54.305827 2025] [php7:warn] [pid 14136:tid 1920] [client ::1:51529] PHP Warning:  opendir(a:/submit/Logs/): failed to open dir: No such file or directory in C:\\Users\\akk1to\\Documents\\nodejs-projects\\JUDGER\\www\\logs.php on line 4, referer: http://localhost/index.php
[Mon Jan 13 08:47:54.305827 2025] [php7:warn] [pid 14136:tid 1920] [client ::1:51529] PHP Warning:  readdir() expects parameter 1 to be resource, boolean given in C:\\Users\\akk1to\\Documents\\nodejs-projects\\JUDGER\\www\\logs.php on line 6, referer: http://localhost/index.php
[Mon Jan 13 08:47:55.309752 2025] [php7:warn] [pid 14136:tid 1920] [client ::1:51529] PHP Warning:  opendir(a:/submit/Logs/,a:/submit/Logs/): The system cannot find the path specified. (code: 3) in C:\\Users\\akk1to\\Documents\\nodejs-projects\\JUDGER\\www\\logs.php on line 4, referer: http://localhost/index.php
[Mon Jan 13 08:47:55.309752 2025] [php7:warn] [pid 14136:tid 1920] [client ::1:51529] PHP Warning:  opendir(a:/submit/Logs/): failed to open dir: No such file or directory in C:\\Users\\akk1to\\Documents\\nodejs-projects\\JUDGER\\www\\logs.php on line 4, referer: http://localhost/index.php
[Mon Jan 13 08:47:55.309752 2025] [php7:warn] [pid 14136:tid 1920] [client ::1:51529] PHP Warning:  readdir() expects parameter 1 to be resource, boolean given in C:\\Users\\akk1to\\Documents\\nodejs-projects\\JUDGER\\www\\logs.php on line 6, referer: http://localhost/index.php
[Mon Jan 13 08:47:56.305821 2025] [php7:warn] [pid 14136:tid 1920] [client ::1:51529] PHP Warning:  opendir(a:/submit/Logs/,a:/submit/Logs/): The system cannot find the path specified. (code: 3) in C:\\Users\\akk1to\\Documents\\nodejs-projects\\JUDGER\\www\\logs.php on line 4, referer: http://localhost/index.php
[Mon Jan 13 08:47:56.305821 2025] [php7:warn] [pid 14136:tid 1920] [client ::1:51529] PHP Warning:  opendir(a:/submit/Logs/): failed to open dir: No such file or directory in C:\\Users\\akk1to\\Documents\\nodejs-projects\\JUDGER\\www\\logs.php on line 4, referer: http://localhost/index.php
[Mon Jan 13 08:47:56.305821 2025] [php7:warn] [pid 14136:tid 1920] [client ::1:51529] PHP Warning:  readdir() expects parameter 1 to be resource, boolean given in C:\\Users\\akk1to\\Documents\\nodejs-projects\\JUDGER\\www\\logs.php on line 6, referer: http://localhost/index.php
[Mon Jan 13 08:47:57.317591 2025] [php7:warn] [pid 14136:tid 1920] [client ::1:51529] PHP Warning:  opendir(a:/submit/Logs/,a:/submit/Logs/): The system cannot find the path specified. (code: 3) in C:\\Users\\akk1to\\Documents\\nodejs-projects\\JUDGER\\www\\logs.php on line 4, referer: http://localhost/index.php
[Mon Jan 13 08:47:57.317591 2025] [php7:warn] [pid 14136:tid 1920] [client ::1:51529] PHP Warning:  opendir(a:/submit/Logs/): failed to open dir: No such file or directory in C:\\Users\\akk1to\\Documents\\nodejs-projects\\JUDGER\\www\\logs.php on line 4, referer: http://localhost/index.php
[Mon Jan 13 08:47:57.317591 2025] [php7:warn] [pid 14136:tid 1920] [client ::1:51529] PHP Warning:  readdir() expects parameter 1 to be resource, boolean given in C:\\Users\\akk1to\\Documents\\nodejs-projects\\JUDGER\\www\\logs.php on line 6, referer: http://localhost/index.php
[Mon Jan 13 08:48:01.305665 2025] [php7:warn] [pid 14136:tid 1912] [client ::1:51532] PHP Warning:  opendir(a:/submit/Logs/,a:/submit/Logs/): The system cannot find the path specified. (code: 3) in C:\\Users\\akk1to\\Documents\\nodejs-projects\\JUDGER\\www\\logs.php on line 4, referer: http://localhost/
[Mon Jan 13 08:48:01.305665 2025] [php7:warn] [pid 14136:tid 1912] [client ::1:51532] PHP Warning:  opendir(a:/submit/Logs/): failed to open dir: No such file or directory in C:\\Users\\akk1to\\Documents\\nodejs-projects\\JUDGER\\www\\logs.php on line 4, referer: http://localhost/
[Mon Jan 13 08:48:01.305665 2025] [php7:warn] [pid 14136:tid 1912] [client ::1:51532] PHP Warning:  readdir() expects parameter 1 to be resource, boolean given in C:\\Users\\akk1to\\Documents\\nodejs-projects\\JUDGER\\www\\logs.php on line 6, referer: http://localhost/
[Mon Jan 13 08:48:03.285919 2025] [php7:warn] [pid 14136:tid 1912] [client ::1:51532] PHP Warning:  opendir(a:/submit/Logs/,a:/submit/Logs/): The system cannot find the path specified. (code: 3) in C:\\Users\\akk1to\\Documents\\nodejs-projects\\JUDGER\\www\\logs.php on line 4, referer: http://localhost/
[Mon Jan 13 08:48:03.285919 2025] [php7:warn] [pid 14136:tid 1912] [client ::1:51532] PHP Warning:  opendir(a:/submit/Logs/): failed to open dir: No such file or directory in C:\\Users\\akk1to\\Documents\\nodejs-projects\\JUDGER\\www\\logs.php on line 4, referer: http://localhost/
[Mon Jan 13 08:48:03.285919 2025] [php7:warn] [pid 14136:tid 1912] [client ::1:51532] PHP Warning:  readdir() expects parameter 1 to be resource, boolean given in C:\\Users\\akk1to\\Documents\\nodejs-projects\\JUDGER\\www\\logs.php on line 6, referer: http://localhost/
[Mon Jan 13 08:48:04.322335 2025] [php7:warn] [pid 14136:tid 1912] [client ::1:51532] PHP Warning:  opendir(a:/submit/Logs/,a:/submit/Logs/): The system cannot find the path specified. (code: 3) in C:\\Users\\akk1to\\Documents\\nodejs-projects\\JUDGER\\www\\logs.php on line 4, referer: http://localhost/
[Mon Jan 13 08:48:04.322335 2025] [php7:warn] [pid 14136:tid 1912] [client ::1:51532] PHP Warning:  opendir(a:/submit/Logs/): failed to open dir: No such file or directory in C:\\Users\\akk1to\\Documents\\nodejs-projects\\JUDGER\\www\\logs.php on line 4, referer: http://localhost/
[Mon Jan 13 08:48:04.322335 2025] [php7:warn] [pid 14136:tid 1912] [client ::1:51532] PHP Warning:  readdir() expects parameter 1 to be resource, boolean given in C:\\Users\\akk1to\\Documents\\nodejs-projects\\JUDGER\\www\\logs.php on line 6, referer: http://localhost/
[Mon Jan 13 08:48:05.309179 2025] [php7:warn] [pid 14136:tid 1912] [client ::1:51532] PHP Warning:  opendir(a:/submit/Logs/,a:/submit/Logs/): The system cannot find the path specified. (code: 3) in C:\\Users\\akk1to\\Documents\\nodejs-projects\\JUDGER\\www\\logs.php on line 4, referer: http://localhost/
[Mon Jan 13 08:48:05.309179 2025] [php7:warn] [pid 14136:tid 1912] [client ::1:51532] PHP Warning:  opendir(a:/submit/Logs/): failed to open dir: No such file or directory in C:\\Users\\akk1to\\Documents\\nodejs-projects\\JUDGER\\www\\logs.php on line 4, referer: http://localhost/
[Mon Jan 13 08:48:05.309179 2025] [php7:warn] [pid 14136:tid 1912] [client ::1:51532] PHP Warning:  readdir() expects parameter 1 to be resource, boolean given in C:\\Users\\akk1to\\Documents\\nodejs-projects\\JUDGER\\www\\logs.php on line 6, referer: http://localhost/
[Mon Jan 13 08:48:06.317911 2025] [php7:warn] [pid 14136:tid 1912] [client ::1:51532] PHP Warning:  opendir(a:/submit/Logs/,a:/submit/Logs/): The system cannot find the path specified. (code: 3) in C:\\Users\\akk1to\\Documents\\nodejs-projects\\JUDGER\\www\\logs.php on line 4, referer: http://localhost/
[Mon Jan 13 08:48:06.317911 2025] [php7:warn] [pid 14136:tid 1912] [client ::1:51532] PHP Warning:  opendir(a:/submit/Logs/): failed to open dir: No such file or directory in C:\\Users\\akk1to\\Documents\\nodejs-projects\\JUDGER\\www\\logs.php on line 4, referer: http://localhost/
[Mon Jan 13 08:48:06.317911 2025] [php7:warn] [pid 14136:tid 1912] [client ::1:51532] PHP Warning:  readdir() expects parameter 1 to be resource, boolean given in C:\\Users\\akk1to\\Documents\\nodejs-projects\\JUDGER\\www\\logs.php on line 6, referer: http://localhost/
[Mon Jan 13 08:48:07.315636 2025] [php7:warn] [pid 14136:tid 1912] [client ::1:51532] PHP Warning:  opendir(a:/submit/Logs/,a:/submit/Logs/): The system cannot find the path specified. (code: 3) in C:\\Users\\akk1to\\Documents\\nodejs-projects\\JUDGER\\www\\logs.php on line 4, referer: http://localhost/
[Mon Jan 13 08:48:07.315636 2025] [php7:warn] [pid 14136:tid 1912] [client ::1:51532] PHP Warning:  opendir(a:/submit/Logs/): failed to open dir: No such file or directory in C:\\Users\\akk1to\\Documents\\nodejs-projects\\JUDGER\\www\\logs.php on line 4, referer: http://localhost/
[Mon Jan 13 08:48:07.315636 2025] [php7:warn] [pid 14136:tid 1912] [client ::1:51532] PHP Warning:  readdir() expects parameter 1 to be resource, boolean given in C:\\Users\\akk1to\\Documents\\nodejs-projects\\JUDGER\\www\\logs.php on line 6, referer: http://localhost/
[Mon Jan 13 08:48:08.304618 2025] [php7:warn] [pid 14136:tid 1912] [client ::1:51532] PHP Warning:  opendir(a:/submit/Logs/,a:/submit/Logs/): The system cannot find the path specified. (code: 3) in C:\\Users\\akk1to\\Documents\\nodejs-projects\\JUDGER\\www\\logs.php on line 4, referer: http://localhost/
[Mon Jan 13 08:48:08.304618 2025] [php7:warn] [pid 14136:tid 1912] [client ::1:51532] PHP Warning:  opendir(a:/submit/Logs/): failed to open dir: No such file or directory in C:\\Users\\akk1to\\Documents\\nodejs-projects\\JUDGER\\www\\logs.php on line 4, referer: http://localhost/
[Mon Jan 13 08:48:08.304618 2025] [php7:warn] [pid 14136:tid 1912] [client ::1:51532] PHP Warning:  readdir() expects parameter 1 to be resource, boolean given in C:\\Users\\akk1to\\Documents\\nodejs-projects\\JUDGER\\www\\logs.php on line 6, referer: http://localhost/
[Mon Jan 13 08:48:09.318529 2025] [php7:warn] [pid 14136:tid 1912] [client ::1:51532] PHP Warning:  opendir(a:/submit/Logs/,a:/submit/Logs/): The system cannot find the path specified. (code: 3) in C:\\Users\\akk1to\\Documents\\nodejs-projects\\JUDGER\\www\\logs.php on line 4, referer: http://localhost/
[Mon Jan 13 08:48:09.318529 2025] [php7:warn] [pid 14136:tid 1912] [client ::1:51532] PHP Warning:  opendir(a:/submit/Logs/): failed to open dir: No such file or directory in C:\\Users\\akk1to\\Documents\\nodejs-projects\\JUDGER\\www\\logs.php on line 4, referer: http://localhost/
[Mon Jan 13 08:48:09.318529 2025] [php7:warn] [pid 14136:tid 1912] [client ::1:51532] PHP Warning:  readdir() expects parameter 1 to be resource, boolean given in C:\\Users\\akk1to\\Documents\\nodejs-projects\\JUDGER\\www\\logs.php on line 6, referer: http://localhost/
[Mon Jan 13 08:48:10.318568 2025] [php7:warn] [pid 14136:tid 1912] [client ::1:51532] PHP Warning:  opendir(a:/submit/Logs/,a:/submit/Logs/): The system cannot find the path specified. (code: 3) in C:\\Users\\akk1to\\Documents\\nodejs-projects\\JUDGER\\www\\logs.php on line 4, referer: http://localhost/
[Mon Jan 13 08:48:10.318568 2025] [php7:warn] [pid 14136:tid 1912] [client ::1:51532] PHP Warning:  opendir(a:/submit/Logs/): failed to open dir: No such file or directory in C:\\Users\\akk1to\\Documents\\nodejs-projects\\JUDGER\\www\\logs.php on line 4, referer: http://localhost/
[Mon Jan 13 08:48:10.318568 2025] [php7:warn] [pid 14136:tid 1912] [client ::1:51532] PHP Warning:  readdir() expects parameter 1 to be resource, boolean given in C:\\Users\\akk1to\\Documents\\nodejs-projects\\JUDGER\\www\\logs.php on line 6, referer: http://localhost/
[Mon Jan 13 08:48:11.307417 2025] [php7:warn] [pid 14136:tid 1912] [client ::1:51532] PHP Warning:  opendir(a:/submit/Logs/,a:/submit/Logs/): The system cannot find the path specified. (code: 3) in C:\\Users\\akk1to\\Documents\\nodejs-projects\\JUDGER\\www\\logs.php on line 4, referer: http://localhost/
[Mon Jan 13 08:48:11.307417 2025] [php7:warn] [pid 14136:tid 1912] [client ::1:51532] PHP Warning:  opendir(a:/submit/Logs/): failed to open dir: No such file or directory in C:\\Users\\akk1to\\Documents\\nodejs-projects\\JUDGER\\www\\logs.php on line 4, referer: http://localhost/
[Mon Jan 13 08:48:11.307417 2025] [php7:warn] [pid 14136:tid 1912] [client ::1:51532] PHP Warning:  readdir() expects parameter 1 to be resource, boolean given in C:\\Users\\akk1to\\Documents\\nodejs-projects\\JUDGER\\www\\logs.php on line 6, referer: http://localhost/
[Mon Jan 13 08:48:12.333379 2025] [php7:warn] [pid 14136:tid 1912] [client ::1:51532] PHP Warning:  opendir(a:/submit/Logs/,a:/submit/Logs/): The system cannot find the path specified. (code: 3) in C:\\Users\\akk1to\\Documents\\nodejs-projects\\JUDGER\\www\\logs.php on line 4, referer: http://localhost/
[Mon Jan 13 08:48:12.333379 2025] [php7:warn] [pid 14136:tid 1912] [client ::1:51532] PHP Warning:  opendir(a:/submit/Logs/): failed to open dir: No such file or directory in C:\\Users\\akk1to\\Documents\\nodejs-projects\\JUDGER\\www\\logs.php on line 4, referer: http://localhost/
[Mon Jan 13 08:48:12.333379 2025] [php7:warn] [pid 14136:tid 1912] [client ::1:51532] PHP Warning:  readdir() expects parameter 1 to be resource, boolean given in C:\\Users\\akk1to\\Documents\\nodejs-projects\\JUDGER\\www\\logs.php on line 6, referer: http://localhost/
[Mon Jan 13 08:48:13.318170 2025] [php7:warn] [pid 14136:tid 1912] [client ::1:51532] PHP Warning:  opendir(a:/submit/Logs/,a:/submit/Logs/): The system cannot find the path specified. (code: 3) in C:\\Users\\akk1to\\Documents\\nodejs-projects\\JUDGER\\www\\logs.php on line 4, referer: http://localhost/
[Mon Jan 13 08:48:13.319169 2025] [php7:warn] [pid 14136:tid 1912] [client ::1:51532] PHP Warning:  opendir(a:/submit/Logs/): failed to open dir: No such file or directory in C:\\Users\\akk1to\\Documents\\nodejs-projects\\JUDGER\\www\\logs.php on line 4, referer: http://localhost/
[Mon Jan 13 08:48:13.319169 2025] [php7:warn] [pid 14136:tid 1912] [client ::1:51532] PHP Warning:  readdir() expects parameter 1 to be resource, boolean given in C:\\Users\\akk1to\\Documents\\nodejs-projects\\JUDGER\\www\\logs.php on line 6, referer: http://localhost/
[Mon Jan 13 08:48:14.311786 2025] [php7:warn] [pid 14136:tid 1912] [client ::1:51532] PHP Warning:  opendir(a:/submit/Logs/,a:/submit/Logs/): The system cannot find the path specified. (code: 3) in C:\\Users\\akk1to\\Documents\\nodejs-projects\\JUDGER\\www\\logs.php on line 4, referer: http://localhost/
[Mon Jan 13 08:48:14.311786 2025] [php7:warn] [pid 14136:tid 1912] [client ::1:51532] PHP Warning:  opendir(a:/submit/Logs/): failed to open dir: No such file or directory in C:\\Users\\akk1to\\Documents\\nodejs-projects\\JUDGER\\www\\logs.php on line 4, referer: http://localhost/
[Mon Jan 13 08:48:14.311786 2025] [php7:warn] [pid 14136:tid 1912] [client ::1:51532] PHP Warning:  readdir() expects parameter 1 to be resource, boolean given in C:\\Users\\akk1to\\Documents\\nodejs-projects\\JUDGER\\www\\logs.php on line 6, referer: http://localhost/
[Mon Jan 13 08:48:15.329929 2025] [php7:warn] [pid 14136:tid 1912] [client ::1:51532] PHP Warning:  opendir(a:/submit/Logs/,a:/submit/Logs/): The system cannot find the path specified. (code: 3) in C:\\Users\\akk1to\\Documents\\nodejs-projects\\JUDGER\\www\\logs.php on line 4, referer: http://localhost/
[Mon Jan 13 08:48:15.329929 2025] [php7:warn] [pid 14136:tid 1912] [client ::1:51532] PHP Warning:  opendir(a:/submit/Logs/): failed to open dir: No such file or directory in C:\\Users\\akk1to\\Documents\\nodejs-projects\\JUDGER\\www\\logs.php on line 4, referer: http://localhost/
[Mon Jan 13 08:48:15.329929 2025] [php7:warn] [pid 14136:tid 1912] [client ::1:51532] PHP Warning:  readdir() expects parameter 1 to be resource, boolean given in C:\\Users\\akk1to\\Documents\\nodejs-projects\\JUDGER\\www\\logs.php on line 6, referer: http://localhost/
[Mon Jan 13 08:48:16.310285 2025] [php7:warn] [pid 14136:tid 1912] [client ::1:51532] PHP Warning:  opendir(a:/submit/Logs/,a:/submit/Logs/): The system cannot find the path specified. (code: 3) in C:\\Users\\akk1to\\Documents\\nodejs-projects\\JUDGER\\www\\logs.php on line 4, referer: http://localhost/
[Mon Jan 13 08:48:16.310285 2025] [php7:warn] [pid 14136:tid 1912] [client ::1:51532] PHP Warning:  opendir(a:/submit/Logs/): failed to open dir: No such file or directory in C:\\Users\\akk1to\\Documents\\nodejs-projects\\JUDGER\\www\\logs.php on line 4, referer: http://localhost/
[Mon Jan 13 08:48:16.310285 2025] [php7:warn] [pid 14136:tid 1912] [client ::1:51532] PHP Warning:  readdir() expects parameter 1 to be resource, boolean given in C:\\Users\\akk1to\\Documents\\nodejs-projects\\JUDGER\\www\\logs.php on line 6, referer: http://localhost/
[Mon Jan 13 08:48:17.309258 2025] [php7:warn] [pid 14136:tid 1912] [client ::1:51532] PHP Warning:  opendir(a:/submit/Logs/,a:/submit/Logs/): The system cannot find the path specified. (code: 3) in C:\\Users\\akk1to\\Documents\\nodejs-projects\\JUDGER\\www\\logs.php on line 4, referer: http://localhost/
[Mon Jan 13 08:48:17.309258 2025] [php7:warn] [pid 14136:tid 1912] [client ::1:51532] PHP Warning:  opendir(a:/submit/Logs/): failed to open dir: No such file or directory in C:\\Users\\akk1to\\Documents\\nodejs-projects\\JUDGER\\www\\logs.php on line 4, referer: http://localhost/
[Mon Jan 13 08:48:17.309258 2025] [php7:warn] [pid 14136:tid 1912] [client ::1:51532] PHP Warning:  readdir() expects parameter 1 to be resource, boolean given in C:\\Users\\akk1to\\Documents\\nodejs-projects\\JUDGER\\www\\logs.php on line 6, referer: http://localhost/
[Mon Jan 13 08:48:18.321957 2025] [php7:warn] [pid 14136:tid 1912] [client ::1:51532] PHP Warning:  opendir(a:/submit/Logs/,a:/submit/Logs/): The system cannot find the path specified. (code: 3) in C:\\Users\\akk1to\\Documents\\nodejs-projects\\JUDGER\\www\\logs.php on line 4, referer: http://localhost/
[Mon Jan 13 08:48:18.321957 2025] [php7:warn] [pid 14136:tid 1912] [client ::1:51532] PHP Warning:  opendir(a:/submit/Logs/): failed to open dir: No such file or directory in C:\\Users\\akk1to\\Documents\\nodejs-projects\\JUDGER\\www\\logs.php on line 4, referer: http://localhost/
[Mon Jan 13 08:48:18.321957 2025] [php7:warn] [pid 14136:tid 1912] [client ::1:51532] PHP Warning:  readdir() expects parameter 1 to be resource, boolean given in C:\\Users\\akk1to\\Documents\\nodejs-projects\\JUDGER\\www\\logs.php on line 6, referer: http://localhost/
[Mon Jan 13 08:48:19.317779 2025] [php7:warn] [pid 14136:tid 1912] [client ::1:51532] PHP Warning:  opendir(a:/submit/Logs/,a:/submit/Logs/): The system cannot find the path specified. (code: 3) in C:\\Users\\akk1to\\Documents\\nodejs-projects\\JUDGER\\www\\logs.php on line 4, referer: http://localhost/
[Mon Jan 13 08:48:19.317779 2025] [php7:warn] [pid 14136:tid 1912] [client ::1:51532] PHP Warning:  opendir(a:/submit/Logs/): failed to open dir: No such file or directory in C:\\Users\\akk1to\\Documents\\nodejs-projects\\JUDGER\\www\\logs.php on line 4, referer: http://localhost/
[Mon Jan 13 08:48:19.317779 2025] [php7:warn] [pid 14136:tid 1912] [client ::1:51532] PHP Warning:  readdir() expects parameter 1 to be resource, boolean given in C:\\Users\\akk1to\\Documents\\nodejs-projects\\JUDGER\\www\\logs.php on line 6, referer: http://localhost/
[Mon Jan 13 08:48:20.310751 2025] [php7:warn] [pid 14136:tid 1912] [client ::1:51532] PHP Warning:  opendir(a:/submit/Logs/,a:/submit/Logs/): The system cannot find the path specified. (code: 3) in C:\\Users\\akk1to\\Documents\\nodejs-projects\\JUDGER\\www\\logs.php on line 4, referer: http://localhost/
[Mon Jan 13 08:48:20.310751 2025] [php7:warn] [pid 14136:tid 1912] [client ::1:51532] PHP Warning:  opendir(a:/submit/Logs/): failed to open dir: No such file or directory in C:\\Users\\akk1to\\Documents\\nodejs-projects\\JUDGER\\www\\logs.php on line 4, referer: http://localhost/
[Mon Jan 13 08:48:20.310751 2025] [php7:warn] [pid 14136:tid 1912] [client ::1:51532] PHP Warning:  readdir() expects parameter 1 to be resource, boolean given in C:\\Users\\akk1to\\Documents\\nodejs-projects\\JUDGER\\www\\logs.php on line 6, referer: http://localhost/
[Mon Jan 13 08:48:21.320735 2025] [php7:warn] [pid 14136:tid 1912] [client ::1:51532] PHP Warning:  opendir(a:/submit/Logs/,a:/submit/Logs/): The system cannot find the path specified. (code: 3) in C:\\Users\\akk1to\\Documents\\nodejs-projects\\JUDGER\\www\\logs.php on line 4, referer: http://localhost/
[Mon Jan 13 08:48:21.320735 2025] [php7:warn] [pid 14136:tid 1912] [client ::1:51532] PHP Warning:  opendir(a:/submit/Logs/): failed to open dir: No such file or directory in C:\\Users\\akk1to\\Documents\\nodejs-projects\\JUDGER\\www\\logs.php on line 4, referer: http://localhost/
[Mon Jan 13 08:48:21.320735 2025] [php7:warn] [pid 14136:tid 1912] [client ::1:51532] PHP Warning:  readdir() expects parameter 1 to be resource, boolean given in C:\\Users\\akk1to\\Documents\\nodejs-projects\\JUDGER\\www\\logs.php on line 6, referer: http://localhost/
[Mon Jan 13 08:48:22.341730 2025] [php7:warn] [pid 14136:tid 1912] [client ::1:51532] PHP Warning:  opendir(a:/submit/Logs/,a:/submit/Logs/): The system cannot find the path specified. (code: 3) in C:\\Users\\akk1to\\Documents\\nodejs-projects\\JUDGER\\www\\logs.php on line 4, referer: http://localhost/
[Mon Jan 13 08:48:22.341730 2025] [php7:warn] [pid 14136:tid 1912] [client ::1:51532] PHP Warning:  opendir(a:/submit/Logs/): failed to open dir: No such file or directory in C:\\Users\\akk1to\\Documents\\nodejs-projects\\JUDGER\\www\\logs.php on line 4, referer: http://localhost/
[Mon Jan 13 08:48:22.341730 2025] [php7:warn] [pid 14136:tid 1912] [client ::1:51532] PHP Warning:  readdir() expects parameter 1 to be resource, boolean given in C:\\Users\\akk1to\\Documents\\nodejs-projects\\JUDGER\\www\\logs.php on line 6, referer: http://localhost/
[Mon Jan 13 08:48:23.309997 2025] [php7:warn] [pid 14136:tid 1912] [client ::1:51532] PHP Warning:  opendir(a:/submit/Logs/,a:/submit/Logs/): The system cannot find the path specified. (code: 3) in C:\\Users\\akk1to\\Documents\\nodejs-projects\\JUDGER\\www\\logs.php on line 4, referer: http://localhost/
[Mon Jan 13 08:48:23.309997 2025] [php7:warn] [pid 14136:tid 1912] [client ::1:51532] PHP Warning:  opendir(a:/submit/Logs/): failed to open dir: No such file or directory in C:\\Users\\akk1to\\Documents\\nodejs-projects\\JUDGER\\www\\logs.php on line 4, referer: http://localhost/
[Mon Jan 13 08:48:23.309997 2025] [php7:warn] [pid 14136:tid 1912] [client ::1:51532] PHP Warning:  readdir() expects parameter 1 to be resource, boolean given in C:\\Users\\akk1to\\Documents\\nodejs-projects\\JUDGER\\www\\logs.php on line 6, referer: http://localhost/
[Mon Jan 13 08:48:24.313230 2025] [php7:warn] [pid 14136:tid 1912] [client ::1:51532] PHP Warning:  opendir(a:/submit/Logs/,a:/submit/Logs/): The system cannot find the path specified. (code: 3) in C:\\Users\\akk1to\\Documents\\nodejs-projects\\JUDGER\\www\\logs.php on line 4, referer: http://localhost/
[Mon Jan 13 08:48:24.313230 2025] [php7:warn] [pid 14136:tid 1912] [client ::1:51532] PHP Warning:  opendir(a:/submit/Logs/): failed to open dir: No such file or directory in C:\\Users\\akk1to\\Documents\\nodejs-projects\\JUDGER\\www\\logs.php on line 4, referer: http://localhost/
[Mon Jan 13 08:48:24.313230 2025] [php7:warn] [pid 14136:tid 1912] [client ::1:51532] PHP Warning:  readdir() expects parameter 1 to be resource, boolean given in C:\\Users\\akk1to\\Documents\\nodejs-projects\\JUDGER\\www\\logs.php on line 6, referer: http://localhost/
[Mon Jan 13 08:48:25.312028 2025] [php7:warn] [pid 14136:tid 1912] [client ::1:51532] PHP Warning:  opendir(a:/submit/Logs/,a:/submit/Logs/): The system cannot find the path specified. (code: 3) in C:\\Users\\akk1to\\Documents\\nodejs-projects\\JUDGER\\www\\logs.php on line 4, referer: http://localhost/
[Mon Jan 13 08:48:25.312028 2025] [php7:warn] [pid 14136:tid 1912] [client ::1:51532] PHP Warning:  opendir(a:/submit/Logs/): failed to open dir: No such file or directory in C:\\Users\\akk1to\\Documents\\nodejs-projects\\JUDGER\\www\\logs.php on line 4, referer: http://localhost/
[Mon Jan 13 08:48:25.312028 2025] [php7:warn] [pid 14136:tid 1912] [client ::1:51532] PHP Warning:  readdir() expects parameter 1 to be resource, boolean given in C:\\Users\\akk1to\\Documents\\nodejs-projects\\JUDGER\\www\\logs.php on line 6, referer: http://localhost/
[Mon Jan 13 08:48:26.310228 2025] [php7:warn] [pid 14136:tid 1912] [client ::1:51532] PHP Warning:  opendir(a:/submit/Logs/,a:/submit/Logs/): The system cannot find the path specified. (code: 3) in C:\\Users\\akk1to\\Documents\\nodejs-projects\\JUDGER\\www\\logs.php on line 4, referer: http://localhost/
[Mon Jan 13 08:48:26.310228 2025] [php7:warn] [pid 14136:tid 1912] [client ::1:51532] PHP Warning:  opendir(a:/submit/Logs/): failed to open dir: No such file or directory in C:\\Users\\akk1to\\Documents\\nodejs-projects\\JUDGER\\www\\logs.php on line 4, referer: http://localhost/
[Mon Jan 13 08:48:26.310228 2025] [php7:warn] [pid 14136:tid 1912] [client ::1:51532] PHP Warning:  readdir() expects parameter 1 to be resource, boolean given in C:\\Users\\akk1to\\Documents\\nodejs-projects\\JUDGER\\www\\logs.php on line 6, referer: http://localhost/
[Mon Jan 13 08:48:28.288464 2025] [php7:warn] [pid 14136:tid 1912] [client ::1:51532] PHP Warning:  opendir(a:/submit/Logs/,a:/submit/Logs/): The system cannot find the path specified. (code: 3) in C:\\Users\\akk1to\\Documents\\nodejs-projects\\JUDGER\\www\\logs.php on line 4, referer: http://localhost/
[Mon Jan 13 08:48:28.288464 2025] [php7:warn] [pid 14136:tid 1912] [client ::1:51532] PHP Warning:  opendir(a:/submit/Logs/): failed to open dir: No such file or directory in C:\\Users\\akk1to\\Documents\\nodejs-projects\\JUDGER\\www\\logs.php on line 4, referer: http://localhost/
[Mon Jan 13 08:48:28.288464 2025] [php7:warn] [pid 14136:tid 1912] [client ::1:51532] PHP Warning:  readdir() expects parameter 1 to be resource, boolean given in C:\\Users\\akk1to\\Documents\\nodejs-projects\\JUDGER\\www\\logs.php on line 6, referer: http://localhost/
[Mon Jan 13 08:48:30.276787 2025] [php7:warn] [pid 14136:tid 1912] [client ::1:51532] PHP Warning:  opendir(a:/submit/Logs/,a:/submit/Logs/): The system cannot find the path specified. (code: 3) in C:\\Users\\akk1to\\Documents\\nodejs-projects\\JUDGER\\www\\logs.php on line 4, referer: http://localhost/
[Mon Jan 13 08:48:30.276787 2025] [php7:warn] [pid 14136:tid 1912] [client ::1:51532] PHP Warning:  opendir(a:/submit/Logs/): failed to open dir: No such file or directory in C:\\Users\\akk1to\\Documents\\nodejs-projects\\JUDGER\\www\\logs.php on line 4, referer: http://localhost/
[Mon Jan 13 08:48:30.276787 2025] [php7:warn] [pid 14136:tid 1912] [client ::1:51532] PHP Warning:  readdir() expects parameter 1 to be resource, boolean given in C:\\Users\\akk1to\\Documents\\nodejs-projects\\JUDGER\\www\\logs.php on line 6, referer: http://localhost/
[Mon Jan 13 08:48:32.287600 2025] [php7:warn] [pid 14136:tid 1912] [client ::1:51532] PHP Warning:  opendir(a:/submit/Logs/,a:/submit/Logs/): The system cannot find the path specified. (code: 3) in C:\\Users\\akk1to\\Documents\\nodejs-projects\\JUDGER\\www\\logs.php on line 4, referer: http://localhost/
[Mon Jan 13 08:48:32.287600 2025] [php7:warn] [pid 14136:tid 1912] [client ::1:51532] PHP Warning:  opendir(a:/submit/Logs/): failed to open dir: No such file or directory in C:\\Users\\akk1to\\Documents\\nodejs-projects\\JUDGER\\www\\logs.php on line 4, referer: http://localhost/
[Mon Jan 13 08:48:32.287600 2025] [php7:warn] [pid 14136:tid 1912] [client ::1:51532] PHP Warning:  readdir() expects parameter 1 to be resource, boolean given in C:\\Users\\akk1to\\Documents\\nodejs-projects\\JUDGER\\www\\logs.php on line 6, referer: http://localhost/
[Mon Jan 13 08:48:33.331340 2025] [php7:warn] [pid 14136:tid 1912] [client ::1:51532] PHP Warning:  opendir(a:/submit/Logs/,a:/submit/Logs/): The system cannot find the path specified. (code: 3) in C:\\Users\\akk1to\\Documents\\nodejs-projects\\JUDGER\\www\\logs.php on line 4, referer: http://localhost/
[Mon Jan 13 08:48:33.331340 2025] [php7:warn] [pid 14136:tid 1912] [client ::1:51532] PHP Warning:  opendir(a:/submit/Logs/): failed to open dir: No such file or directory in C:\\Users\\akk1to\\Documents\\nodejs-projects\\JUDGER\\www\\logs.php on line 4, referer: http://localhost/
[Mon Jan 13 08:48:33.331340 2025] [php7:warn] [pid 14136:tid 1912] [client ::1:51532] PHP Warning:  readdir() expects parameter 1 to be resource, boolean given in C:\\Users\\akk1to\\Documents\\nodejs-projects\\JUDGER\\www\\logs.php on line 6, referer: http://localhost/
[Mon Jan 13 08:48:35.300226 2025] [php7:warn] [pid 14136:tid 1912] [client ::1:51532] PHP Warning:  opendir(a:/submit/Logs/,a:/submit/Logs/): The system cannot find the path specified. (code: 3) in C:\\Users\\akk1to\\Documents\\nodejs-projects\\JUDGER\\www\\logs.php on line 4, referer: http://localhost/
[Mon Jan 13 08:48:35.300226 2025] [php7:warn] [pid 14136:tid 1912] [client ::1:51532] PHP Warning:  opendir(a:/submit/Logs/): failed to open dir: No such file or directory in C:\\Users\\akk1to\\Documents\\nodejs-projects\\JUDGER\\www\\logs.php on line 4, referer: http://localhost/
[Mon Jan 13 08:48:35.300226 2025] [php7:warn] [pid 14136:tid 1912] [client ::1:51532] PHP Warning:  readdir() expects parameter 1 to be resource, boolean given in C:\\Users\\akk1to\\Documents\\nodejs-projects\\JUDGER\\www\\logs.php on line 6, referer: http://localhost/
[Mon Jan 13 08:48:36.340322 2025] [php7:warn] [pid 14136:tid 1912] [client ::1:51532] PHP Warning:  opendir(a:/submit/Logs/,a:/submit/Logs/): The system cannot find the path specified. (code: 3) in C:\\Users\\akk1to\\Documents\\nodejs-projects\\JUDGER\\www\\logs.php on line 4, referer: http://localhost/
[Mon Jan 13 08:48:36.341326 2025] [php7:warn] [pid 14136:tid 1912] [client ::1:51532] PHP Warning:  opendir(a:/submit/Logs/): failed to open dir: No such file or directory in C:\\Users\\akk1to\\Documents\\nodejs-projects\\JUDGER\\www\\logs.php on line 4, referer: http://localhost/
[Mon Jan 13 08:48:36.341326 2025] [php7:warn] [pid 14136:tid 1912] [client ::1:51532] PHP Warning:  readdir() expects parameter 1 to be resource, boolean given in C:\\Users\\akk1to\\Documents\\nodejs-projects\\JUDGER\\www\\logs.php on line 6, referer: http://localhost/
[Mon Jan 13 08:48:38.425760 2025] [php7:warn] [pid 14136:tid 1912] [client ::1:51532] PHP Warning:  opendir(a:/submit/Logs/,a:/submit/Logs/): The system cannot find the path specified. (code: 3) in C:\\Users\\akk1to\\Documents\\nodejs-projects\\JUDGER\\www\\logs.php on line 4, referer: http://localhost/
[Mon Jan 13 08:48:38.425760 2025] [php7:warn] [pid 14136:tid 1912] [client ::1:51532] PHP Warning:  opendir(a:/submit/Logs/): failed to open dir: No such file or directory in C:\\Users\\akk1to\\Documents\\nodejs-projects\\JUDGER\\www\\logs.php on line 4, referer: http://localhost/
[Mon Jan 13 08:48:38.425760 2025] [php7:warn] [pid 14136:tid 1912] [client ::1:51532] PHP Warning:  readdir() expects parameter 1 to be resource, boolean given in C:\\Users\\akk1to\\Documents\\nodejs-projects\\JUDGER\\www\\logs.php on line 6, referer: http://localhost/
[Mon Jan 13 08:48:40.294554 2025] [php7:warn] [pid 14136:tid 1912] [client ::1:51532] PHP Warning:  opendir(a:/submit/Logs/,a:/submit/Logs/): The system cannot find the path specified. (code: 3) in C:\\Users\\akk1to\\Documents\\nodejs-projects\\JUDGER\\www\\logs.php on line 4, referer: http://localhost/
[Mon Jan 13 08:48:40.294554 2025] [php7:warn] [pid 14136:tid 1912] [client ::1:51532] PHP Warning:  opendir(a:/submit/Logs/): failed to open dir: No such file or directory in C:\\Users\\akk1to\\Documents\\nodejs-projects\\JUDGER\\www\\logs.php on line 4, referer: http://localhost/
[Mon Jan 13 08:48:40.294554 2025] [php7:warn] [pid 14136:tid 1912] [client ::1:51532] PHP Warning:  readdir() expects parameter 1 to be resource, boolean given in C:\\Users\\akk1to\\Documents\\nodejs-projects\\JUDGER\\www\\logs.php on line 6, referer: http://localhost/
[Mon Jan 13 08:48:41.309243 2025] [php7:warn] [pid 14136:tid 1912] [client ::1:51532] PHP Warning:  opendir(a:/submit/Logs/,a:/submit/Logs/): The system cannot find the path specified. (code: 3) in C:\\Users\\akk1to\\Documents\\nodejs-projects\\JUDGER\\www\\logs.php on line 4, referer: http://localhost/
[Mon Jan 13 08:48:41.309243 2025] [php7:warn] [pid 14136:tid 1912] [client ::1:51532] PHP Warning:  opendir(a:/submit/Logs/): failed to open dir: No such file or directory in C:\\Users\\akk1to\\Documents\\nodejs-projects\\JUDGER\\www\\logs.php on line 4, referer: http://localhost/
[Mon Jan 13 08:48:41.309243 2025] [php7:warn] [pid 14136:tid 1912] [client ::1:51532] PHP Warning:  readdir() expects parameter 1 to be resource, boolean given in C:\\Users\\akk1to\\Documents\\nodejs-projects\\JUDGER\\www\\logs.php on line 6, referer: http://localhost/
[Mon Jan 13 08:48:43.288020 2025] [php7:warn] [pid 14136:tid 1912] [client ::1:51532] PHP Warning:  opendir(a:/submit/Logs/,a:/submit/Logs/): The system cannot find the path specified. (code: 3) in C:\\Users\\akk1to\\Documents\\nodejs-projects\\JUDGER\\www\\logs.php on line 4, referer: http://localhost/
[Mon Jan 13 08:48:43.288020 2025] [php7:warn] [pid 14136:tid 1912] [client ::1:51532] PHP Warning:  opendir(a:/submit/Logs/): failed to open dir: No such file or directory in C:\\Users\\akk1to\\Documents\\nodejs-projects\\JUDGER\\www\\logs.php on line 4, referer: http://localhost/
[Mon Jan 13 08:48:43.289018 2025] [php7:warn] [pid 14136:tid 1912] [client ::1:51532] PHP Warning:  readdir() expects parameter 1 to be resource, boolean given in C:\\Users\\akk1to\\Documents\\nodejs-projects\\JUDGER\\www\\logs.php on line 6, referer: http://localhost/
[Mon Jan 13 08:48:45.286897 2025] [php7:warn] [pid 14136:tid 1912] [client ::1:51532] PHP Warning:  opendir(a:/submit/Logs/,a:/submit/Logs/): The system cannot find the path specified. (code: 3) in C:\\Users\\akk1to\\Documents\\nodejs-projects\\JUDGER\\www\\logs.php on line 4, referer: http://localhost/
[Mon Jan 13 08:48:45.286897 2025] [php7:warn] [pid 14136:tid 1912] [client ::1:51532] PHP Warning:  opendir(a:/submit/Logs/): failed to open dir: No such file or directory in C:\\Users\\akk1to\\Documents\\nodejs-projects\\JUDGER\\www\\logs.php on line 4, referer: http://localhost/
[Mon Jan 13 08:48:45.286897 2025] [php7:warn] [pid 14136:tid 1912] [client ::1:51532] PHP Warning:  readdir() expects parameter 1 to be resource, boolean given in C:\\Users\\akk1to\\Documents\\nodejs-projects\\JUDGER\\www\\logs.php on line 6, referer: http://localhost/
[Mon Jan 13 08:48:47.291039 2025] [php7:warn] [pid 14136:tid 1912] [client ::1:51532] PHP Warning:  opendir(a:/submit/Logs/,a:/submit/Logs/): The system cannot find the path specified. (code: 3) in C:\\Users\\akk1to\\Documents\\nodejs-projects\\JUDGER\\www\\logs.php on line 4, referer: http://localhost/
[Mon Jan 13 08:48:47.292041 2025] [php7:warn] [pid 14136:tid 1912] [client ::1:51532] PHP Warning:  opendir(a:/submit/Logs/): failed to open dir: No such file or directory in C:\\Users\\akk1to\\Documents\\nodejs-projects\\JUDGER\\www\\logs.php on line 4, referer: http://localhost/
[Mon Jan 13 08:48:47.292041 2025] [php7:warn] [pid 14136:tid 1912] [client ::1:51532] PHP Warning:  readdir() expects parameter 1 to be resource, boolean given in C:\\Users\\akk1to\\Documents\\nodejs-projects\\JUDGER\\www\\logs.php on line 6, referer: http://localhost/
[Mon Jan 13 08:48:49.274342 2025] [php7:warn] [pid 14136:tid 1912] [client ::1:51532] PHP Warning:  opendir(a:/submit/Logs/,a:/submit/Logs/): The system cannot find the path specified. (code: 3) in C:\\Users\\akk1to\\Documents\\nodejs-projects\\JUDGER\\www\\logs.php on line 4, referer: http://localhost/
[Mon Jan 13 08:48:49.274342 2025] [php7:warn] [pid 14136:tid 1912] [client ::1:51532] PHP Warning:  opendir(a:/submit/Logs/): failed to open dir: No such file or directory in C:\\Users\\akk1to\\Documents\\nodejs-projects\\JUDGER\\www\\logs.php on line 4, referer: http://localhost/
[Mon Jan 13 08:48:49.274342 2025] [php7:warn] [pid 14136:tid 1912] [client ::1:51532] PHP Warning:  readdir() expects parameter 1 to be resource, boolean given in C:\\Users\\akk1to\\Documents\\nodejs-projects\\JUDGER\\www\\logs.php on line 6, referer: http://localhost/
[Mon Jan 13 08:48:51.276890 2025] [php7:warn] [pid 14136:tid 1912] [client ::1:51532] PHP Warning:  opendir(a:/submit/Logs/,a:/submit/Logs/): The system cannot find the path specified. (code: 3) in C:\\Users\\akk1to\\Documents\\nodejs-projects\\JUDGER\\www\\logs.php on line 4, referer: http://localhost/
[Mon Jan 13 08:48:51.277886 2025] [php7:warn] [pid 14136:tid 1912] [client ::1:51532] PHP Warning:  opendir(a:/submit/Logs/): failed to open dir: No such file or directory in C:\\Users\\akk1to\\Documents\\nodejs-projects\\JUDGER\\www\\logs.php on line 4, referer: http://localhost/
[Mon Jan 13 08:48:51.277886 2025] [php7:warn] [pid 14136:tid 1912] [client ::1:51532] PHP Warning:  readdir() expects parameter 1 to be resource, boolean given in C:\\Users\\akk1to\\Documents\\nodejs-projects\\JUDGER\\www\\logs.php on line 6, referer: http://localhost/
[Mon Jan 13 08:48:53.277800 2025] [php7:warn] [pid 14136:tid 1912] [client ::1:51532] PHP Warning:  opendir(a:/submit/Logs/,a:/submit/Logs/): The system cannot find the path specified. (code: 3) in C:\\Users\\akk1to\\Documents\\nodejs-projects\\JUDGER\\www\\logs.php on line 4, referer: http://localhost/
[Mon Jan 13 08:48:53.277800 2025] [php7:warn] [pid 14136:tid 1912] [client ::1:51532] PHP Warning:  opendir(a:/submit/Logs/): failed to open dir: No such file or directory in C:\\Users\\akk1to\\Documents\\nodejs-projects\\JUDGER\\www\\logs.php on line 4, referer: http://localhost/
[Mon Jan 13 08:48:53.277800 2025] [php7:warn] [pid 14136:tid 1912] [client ::1:51532] PHP Warning:  readdir() expects parameter 1 to be resource, boolean given in C:\\Users\\akk1to\\Documents\\nodejs-projects\\JUDGER\\www\\logs.php on line 6, referer: http://localhost/
[Mon Jan 13 08:48:55.290958 2025] [php7:warn] [pid 14136:tid 1912] [client ::1:51532] PHP Warning:  opendir(a:/submit/Logs/,a:/submit/Logs/): The system cannot find the path specified. (code: 3) in C:\\Users\\akk1to\\Documents\\nodejs-projects\\JUDGER\\www\\logs.php on line 4, referer: http://localhost/
[Mon Jan 13 08:48:55.290958 2025] [php7:warn] [pid 14136:tid 1912] [client ::1:51532] PHP Warning:  opendir(a:/submit/Logs/): failed to open dir: No such file or directory in C:\\Users\\akk1to\\Documents\\nodejs-projects\\JUDGER\\www\\logs.php on line 4, referer: http://localhost/
[Mon Jan 13 08:48:55.290958 2025] [php7:warn] [pid 14136:tid 1912] [client ::1:51532] PHP Warning:  readdir() expects parameter 1 to be resource, boolean given in C:\\Users\\akk1to\\Documents\\nodejs-projects\\JUDGER\\www\\logs.php on line 6, referer: http://localhost/
[Mon Jan 13 08:48:57.282814 2025] [php7:warn] [pid 14136:tid 1912] [client ::1:51532] PHP Warning:  opendir(a:/submit/Logs/,a:/submit/Logs/): The system cannot find the path specified. (code: 3) in C:\\Users\\akk1to\\Documents\\nodejs-projects\\JUDGER\\www\\logs.php on line 4, referer: http://localhost/
[Mon Jan 13 08:48:57.282814 2025] [php7:warn] [pid 14136:tid 1912] [client ::1:51532] PHP Warning:  opendir(a:/submit/Logs/): failed to open dir: No such file or directory in C:\\Users\\akk1to\\Documents\\nodejs-projects\\JUDGER\\www\\logs.php on line 4, referer: http://localhost/
[Mon Jan 13 08:48:57.282814 2025] [php7:warn] [pid 14136:tid 1912] [client ::1:51532] PHP Warning:  readdir() expects parameter 1 to be resource, boolean given in C:\\Users\\akk1to\\Documents\\nodejs-projects\\JUDGER\\www\\logs.php on line 6, referer: http://localhost/
[Mon Jan 13 08:48:59.277118 2025] [php7:warn] [pid 14136:tid 1912] [client ::1:51532] PHP Warning:  opendir(a:/submit/Logs/,a:/submit/Logs/): The system cannot find the path specified. (code: 3) in C:\\Users\\akk1to\\Documents\\nodejs-projects\\JUDGER\\www\\logs.php on line 4, referer: http://localhost/
[Mon Jan 13 08:48:59.277118 2025] [php7:warn] [pid 14136:tid 1912] [client ::1:51532] PHP Warning:  opendir(a:/submit/Logs/): failed to open dir: No such file or directory in C:\\Users\\akk1to\\Documents\\nodejs-projects\\JUDGER\\www\\logs.php on line 4, referer: http://localhost/
[Mon Jan 13 08:48:59.277118 2025] [php7:warn] [pid 14136:tid 1912] [client ::1:51532] PHP Warning:  readdir() expects parameter 1 to be resource, boolean given in C:\\Users\\akk1to\\Documents\\nodejs-projects\\JUDGER\\www\\logs.php on line 6, referer: http://localhost/
[Mon Jan 13 08:49:01.279493 2025] [php7:warn] [pid 14136:tid 1912] [client ::1:51532] PHP Warning:  opendir(a:/submit/Logs/,a:/submit/Logs/): The system cannot find the path specified. (code: 3) in C:\\Users\\akk1to\\Documents\\nodejs-projects\\JUDGER\\www\\logs.php on line 4, referer: http://localhost/
[Mon Jan 13 08:49:01.279493 2025] [php7:warn] [pid 14136:tid 1912] [client ::1:51532] PHP Warning:  opendir(a:/submit/Logs/): failed to open dir: No such file or directory in C:\\Users\\akk1to\\Documents\\nodejs-projects\\JUDGER\\www\\logs.php on line 4, referer: http://localhost/
[Mon Jan 13 08:49:01.279493 2025] [php7:warn] [pid 14136:tid 1912] [client ::1:51532] PHP Warning:  readdir() expects parameter 1 to be resource, boolean given in C:\\Users\\akk1to\\Documents\\nodejs-projects\\JUDGER\\www\\logs.php on line 6, referer: http://localhost/
[Mon Jan 13 08:49:03.282255 2025] [php7:warn] [pid 14136:tid 1912] [client ::1:51532] PHP Warning:  opendir(a:/submit/Logs/,a:/submit/Logs/): The system cannot find the path specified. (code: 3) in C:\\Users\\akk1to\\Documents\\nodejs-projects\\JUDGER\\www\\logs.php on line 4, referer: http://localhost/
[Mon Jan 13 08:49:03.283249 2025] [php7:warn] [pid 14136:tid 1912] [client ::1:51532] PHP Warning:  opendir(a:/submit/Logs/): failed to open dir: No such file or directory in C:\\Users\\akk1to\\Documents\\nodejs-projects\\JUDGER\\www\\logs.php on line 4, referer: http://localhost/
[Mon Jan 13 08:49:03.283249 2025] [php7:warn] [pid 14136:tid 1912] [client ::1:51532] PHP Warning:  readdir() expects parameter 1 to be resource, boolean given in C:\\Users\\akk1to\\Documents\\nodejs-projects\\JUDGER\\www\\logs.php on line 6, referer: http://localhost/
[Mon Jan 13 08:49:05.279605 2025] [php7:warn] [pid 14136:tid 1912] [client ::1:51532] PHP Warning:  opendir(a:/submit/Logs/,a:/submit/Logs/): The system cannot find the path specified. (code: 3) in C:\\Users\\akk1to\\Documents\\nodejs-projects\\JUDGER\\www\\logs.php on line 4, referer: http://localhost/
[Mon Jan 13 08:49:05.279605 2025] [php7:warn] [pid 14136:tid 1912] [client ::1:51532] PHP Warning:  opendir(a:/submit/Logs/): failed to open dir: No such file or directory in C:\\Users\\akk1to\\Documents\\nodejs-projects\\JUDGER\\www\\logs.php on line 4, referer: http://localhost/
[Mon Jan 13 08:49:05.279605 2025] [php7:warn] [pid 14136:tid 1912] [client ::1:51532] PHP Warning:  readdir() expects parameter 1 to be resource, boolean given in C:\\Users\\akk1to\\Documents\\nodejs-projects\\JUDGER\\www\\logs.php on line 6, referer: http://localhost/
[Mon Jan 13 08:49:07.290788 2025] [php7:warn] [pid 14136:tid 1912] [client ::1:51532] PHP Warning:  opendir(a:/submit/Logs/,a:/submit/Logs/): The system cannot find the path specified. (code: 3) in C:\\Users\\akk1to\\Documents\\nodejs-projects\\JUDGER\\www\\logs.php on line 4, referer: http://localhost/
[Mon Jan 13 08:49:07.290788 2025] [php7:warn] [pid 14136:tid 1912] [client ::1:51532] PHP Warning:  opendir(a:/submit/Logs/): failed to open dir: No such file or directory in C:\\Users\\akk1to\\Documents\\nodejs-projects\\JUDGER\\www\\logs.php on line 4, referer: http://localhost/
[Mon Jan 13 08:49:07.290788 2025] [php7:warn] [pid 14136:tid 1912] [client ::1:51532] PHP Warning:  readdir() expects parameter 1 to be resource, boolean given in C:\\Users\\akk1to\\Documents\\nodejs-projects\\JUDGER\\www\\logs.php on line 6, referer: http://localhost/
[Mon Jan 13 08:49:09.286206 2025] [php7:warn] [pid 14136:tid 1912] [client ::1:51532] PHP Warning:  opendir(a:/submit/Logs/,a:/submit/Logs/): The system cannot find the path specified. (code: 3) in C:\\Users\\akk1to\\Documents\\nodejs-projects\\JUDGER\\www\\logs.php on line 4, referer: http://localhost/
[Mon Jan 13 08:49:09.286206 2025] [php7:warn] [pid 14136:tid 1912] [client ::1:51532] PHP Warning:  opendir(a:/submit/Logs/): failed to open dir: No such file or directory in C:\\Users\\akk1to\\Documents\\nodejs-projects\\JUDGER\\www\\logs.php on line 4, referer: http://localhost/
[Mon Jan 13 08:49:09.286206 2025] [php7:warn] [pid 14136:tid 1912] [client ::1:51532] PHP Warning:  readdir() expects parameter 1 to be resource, boolean given in C:\\Users\\akk1to\\Documents\\nodejs-projects\\JUDGER\\www\\logs.php on line 6, referer: http://localhost/
[Mon Jan 13 08:49:10.311376 2025] [php7:warn] [pid 14136:tid 1912] [client ::1:51532] PHP Warning:  opendir(a:/submit/Logs/,a:/submit/Logs/): The system cannot find the path specified. (code: 3) in C:\\Users\\akk1to\\Documents\\nodejs-projects\\JUDGER\\www\\logs.php on line 4, referer: http://localhost/
[Mon Jan 13 08:49:10.311376 2025] [php7:warn] [pid 14136:tid 1912] [client ::1:51532] PHP Warning:  opendir(a:/submit/Logs/): failed to open dir: No such file or directory in C:\\Users\\akk1to\\Documents\\nodejs-projects\\JUDGER\\www\\logs.php on line 4, referer: http://localhost/
[Mon Jan 13 08:49:10.311376 2025] [php7:warn] [pid 14136:tid 1912] [client ::1:51532] PHP Warning:  readdir() expects parameter 1 to be resource, boolean given in C:\\Users\\akk1to\\Documents\\nodejs-projects\\JUDGER\\www\\logs.php on line 6, referer: http://localhost/
[Mon Jan 13 08:49:11.313125 2025] [php7:warn] [pid 14136:tid 1912] [client ::1:51532] PHP Warning:  opendir(a:/submit/Logs/,a:/submit/Logs/): The system cannot find the path specified. (code: 3) in C:\\Users\\akk1to\\Documents\\nodejs-projects\\JUDGER\\www\\logs.php on line 4, referer: http://localhost/
[Mon Jan 13 08:49:11.313125 2025] [php7:warn] [pid 14136:tid 1912] [client ::1:51532] PHP Warning:  opendir(a:/submit/Logs/): failed to open dir: No such file or directory in C:\\Users\\akk1to\\Documents\\nodejs-projects\\JUDGER\\www\\logs.php on line 4, referer: http://localhost/
[Mon Jan 13 08:49:11.313125 2025] [php7:warn] [pid 14136:tid 1912] [client ::1:51532] PHP Warning:  readdir() expects parameter 1 to be resource, boolean given in C:\\Users\\akk1to\\Documents\\nodejs-projects\\JUDGER\\www\\logs.php on line 6, referer: http://localhost/
[Mon Jan 13 08:49:13.290894 2025] [php7:warn] [pid 14136:tid 1912] [client ::1:51532] PHP Warning:  opendir(a:/submit/Logs/,a:/submit/Logs/): The system cannot find the path specified. (code: 3) in C:\\Users\\akk1to\\Documents\\nodejs-projects\\JUDGER\\www\\logs.php on line 4, referer: http://localhost/
[Mon Jan 13 08:49:13.290894 2025] [php7:warn] [pid 14136:tid 1912] [client ::1:51532] PHP Warning:  opendir(a:/submit/Logs/): failed to open dir: No such file or directory in C:\\Users\\akk1to\\Documents\\nodejs-projects\\JUDGER\\www\\logs.php on line 4, referer: http://localhost/
[Mon Jan 13 08:49:13.290894 2025] [php7:warn] [pid 14136:tid 1912] [client ::1:51532] PHP Warning:  readdir() expects parameter 1 to be resource, boolean given in C:\\Users\\akk1to\\Documents\\nodejs-projects\\JUDGER\\www\\logs.php on line 6, referer: http://localhost/
[Mon Jan 13 08:49:15.273258 2025] [php7:warn] [pid 14136:tid 1912] [client ::1:51532] PHP Warning:  opendir(a:/submit/Logs/,a:/submit/Logs/): The system cannot find the path specified. (code: 3) in C:\\Users\\akk1to\\Documents\\nodejs-projects\\JUDGER\\www\\logs.php on line 4, referer: http://localhost/
[Mon Jan 13 08:49:15.273258 2025] [php7:warn] [pid 14136:tid 1912] [client ::1:51532] PHP Warning:  opendir(a:/submit/Logs/): failed to open dir: No such file or directory in C:\\Users\\akk1to\\Documents\\nodejs-projects\\JUDGER\\www\\logs.php on line 4, referer: http://localhost/
[Mon Jan 13 08:49:15.273258 2025] [php7:warn] [pid 14136:tid 1912] [client ::1:51532] PHP Warning:  readdir() expects parameter 1 to be resource, boolean given in C:\\Users\\akk1to\\Documents\\nodejs-projects\\JUDGER\\www\\logs.php on line 6, referer: http://localhost/
[Mon Jan 13 08:49:17.295841 2025] [php7:warn] [pid 14136:tid 1912] [client ::1:51532] PHP Warning:  opendir(a:/submit/Logs/,a:/submit/Logs/): The system cannot find the path specified. (code: 3) in C:\\Users\\akk1to\\Documents\\nodejs-projects\\JUDGER\\www\\logs.php on line 4, referer: http://localhost/
[Mon Jan 13 08:49:17.296357 2025] [php7:warn] [pid 14136:tid 1912] [client ::1:51532] PHP Warning:  opendir(a:/submit/Logs/): failed to open dir: No such file or directory in C:\\Users\\akk1to\\Documents\\nodejs-projects\\JUDGER\\www\\logs.php on line 4, referer: http://localhost/
[Mon Jan 13 08:49:17.296357 2025] [php7:warn] [pid 14136:tid 1912] [client ::1:51532] PHP Warning:  readdir() expects parameter 1 to be resource, boolean given in C:\\Users\\akk1to\\Documents\\nodejs-projects\\JUDGER\\www\\logs.php on line 6, referer: http://localhost/
[Mon Jan 13 08:49:19.275237 2025] [php7:warn] [pid 14136:tid 1912] [client ::1:51532] PHP Warning:  opendir(a:/submit/Logs/,a:/submit/Logs/): The system cannot find the path specified. (code: 3) in C:\\Users\\akk1to\\Documents\\nodejs-projects\\JUDGER\\www\\logs.php on line 4, referer: http://localhost/
[Mon Jan 13 08:49:19.276180 2025] [php7:warn] [pid 14136:tid 1912] [client ::1:51532] PHP Warning:  opendir(a:/submit/Logs/): failed to open dir: No such file or directory in C:\\Users\\akk1to\\Documents\\nodejs-projects\\JUDGER\\www\\logs.php on line 4, referer: http://localhost/
[Mon Jan 13 08:49:19.276180 2025] [php7:warn] [pid 14136:tid 1912] [client ::1:51532] PHP Warning:  readdir() expects parameter 1 to be resource, boolean given in C:\\Users\\akk1to\\Documents\\nodejs-projects\\JUDGER\\www\\logs.php on line 6, referer: http://localhost/
[Mon Jan 13 08:49:21.284361 2025] [php7:warn] [pid 14136:tid 1912] [client ::1:51532] PHP Warning:  opendir(a:/submit/Logs/,a:/submit/Logs/): The system cannot find the path specified. (code: 3) in C:\\Users\\akk1to\\Documents\\nodejs-projects\\JUDGER\\www\\logs.php on line 4, referer: http://localhost/
[Mon Jan 13 08:49:21.284361 2025] [php7:warn] [pid 14136:tid 1912] [client ::1:51532] PHP Warning:  opendir(a:/submit/Logs/): failed to open dir: No such file or directory in C:\\Users\\akk1to\\Documents\\nodejs-projects\\JUDGER\\www\\logs.php on line 4, referer: http://localhost/
[Mon Jan 13 08:49:21.284361 2025] [php7:warn] [pid 14136:tid 1912] [client ::1:51532] PHP Warning:  readdir() expects parameter 1 to be resource, boolean given in C:\\Users\\akk1to\\Documents\\nodejs-projects\\JUDGER\\www\\logs.php on line 6, referer: http://localhost/
[Mon Jan 13 08:49:23.279849 2025] [php7:warn] [pid 14136:tid 1912] [client ::1:51532] PHP Warning:  opendir(a:/submit/Logs/,a:/submit/Logs/): The system cannot find the path specified. (code: 3) in C:\\Users\\akk1to\\Documents\\nodejs-projects\\JUDGER\\www\\logs.php on line 4, referer: http://localhost/
[Mon Jan 13 08:49:23.279849 2025] [php7:warn] [pid 14136:tid 1912] [client ::1:51532] PHP Warning:  opendir(a:/submit/Logs/): failed to open dir: No such file or directory in C:\\Users\\akk1to\\Documents\\nodejs-projects\\JUDGER\\www\\logs.php on line 4, referer: http://localhost/
[Mon Jan 13 08:49:23.279849 2025] [php7:warn] [pid 14136:tid 1912] [client ::1:51532] PHP Warning:  readdir() expects parameter 1 to be resource, boolean given in C:\\Users\\akk1to\\Documents\\nodejs-projects\\JUDGER\\www\\logs.php on line 6, referer: http://localhost/
[Mon Jan 13 08:49:25.276132 2025] [php7:warn] [pid 14136:tid 1912] [client ::1:51532] PHP Warning:  opendir(a:/submit/Logs/,a:/submit/Logs/): The system cannot find the path specified. (code: 3) in C:\\Users\\akk1to\\Documents\\nodejs-projects\\JUDGER\\www\\logs.php on line 4, referer: http://localhost/
[Mon Jan 13 08:49:25.276132 2025] [php7:warn] [pid 14136:tid 1912] [client ::1:51532] PHP Warning:  opendir(a:/submit/Logs/): failed to open dir: No such file or directory in C:\\Users\\akk1to\\Documents\\nodejs-projects\\JUDGER\\www\\logs.php on line 4, referer: http://localhost/
[Mon Jan 13 08:49:25.276132 2025] [php7:warn] [pid 14136:tid 1912] [client ::1:51532] PHP Warning:  readdir() expects parameter 1 to be resource, boolean given in C:\\Users\\akk1to\\Documents\\nodejs-projects\\JUDGER\\www\\logs.php on line 6, referer: http://localhost/
[Mon Jan 13 08:49:27.279542 2025] [php7:warn] [pid 14136:tid 1912] [client ::1:51532] PHP Warning:  opendir(a:/submit/Logs/,a:/submit/Logs/): The system cannot find the path specified. (code: 3) in C:\\Users\\akk1to\\Documents\\nodejs-projects\\JUDGER\\www\\logs.php on line 4, referer: http://localhost/
[Mon Jan 13 08:49:27.279542 2025] [php7:warn] [pid 14136:tid 1912] [client ::1:51532] PHP Warning:  opendir(a:/submit/Logs/): failed to open dir: No such file or directory in C:\\Users\\akk1to\\Documents\\nodejs-projects\\JUDGER\\www\\logs.php on line 4, referer: http://localhost/
[Mon Jan 13 08:49:27.280834 2025] [php7:warn] [pid 14136:tid 1912] [client ::1:51532] PHP Warning:  readdir() expects parameter 1 to be resource, boolean given in C:\\Users\\akk1to\\Documents\\nodejs-projects\\JUDGER\\www\\logs.php on line 6, referer: http://localhost/
[Mon Jan 13 08:49:28.963109 2025] [php7:warn] [pid 14136:tid 1912] [client ::1:51532] PHP Warning:  opendir(a:/submit/Logs/,a:/submit/Logs/): The system cannot find the path specified. (code: 3) in C:\\Users\\akk1to\\Documents\\nodejs-projects\\JUDGER\\www\\logs.php on line 4, referer: http://localhost/
[Mon Jan 13 08:49:28.963109 2025] [php7:warn] [pid 14136:tid 1912] [client ::1:51532] PHP Warning:  opendir(a:/submit/Logs/): failed to open dir: No such file or directory in C:\\Users\\akk1to\\Documents\\nodejs-projects\\JUDGER\\www\\logs.php on line 4, referer: http://localhost/
[Mon Jan 13 08:49:28.963109 2025] [php7:warn] [pid 14136:tid 1912] [client ::1:51532] PHP Warning:  readdir() expects parameter 1 to be resource, boolean given in C:\\Users\\akk1to\\Documents\\nodejs-projects\\JUDGER\\www\\logs.php on line 6, referer: http://localhost/
[Mon Jan 13 08:49:29.309716 2025] [php7:warn] [pid 14136:tid 1912] [client ::1:51532] PHP Warning:  opendir(a:/submit/Logs/,a:/submit/Logs/): The system cannot find the path specified. (code: 3) in C:\\Users\\akk1to\\Documents\\nodejs-projects\\JUDGER\\www\\logs.php on line 4, referer: http://localhost/
[Mon Jan 13 08:49:29.309716 2025] [php7:warn] [pid 14136:tid 1912] [client ::1:51532] PHP Warning:  opendir(a:/submit/Logs/): failed to open dir: No such file or directory in C:\\Users\\akk1to\\Documents\\nodejs-projects\\JUDGER\\www\\logs.php on line 4, referer: http://localhost/
[Mon Jan 13 08:49:29.309716 2025] [php7:warn] [pid 14136:tid 1912] [client ::1:51532] PHP Warning:  readdir() expects parameter 1 to be resource, boolean given in C:\\Users\\akk1to\\Documents\\nodejs-projects\\JUDGER\\www\\logs.php on line 6, referer: http://localhost/
[Mon Jan 13 08:49:30.318111 2025] [php7:warn] [pid 14136:tid 1912] [client ::1:51532] PHP Warning:  opendir(a:/submit/Logs/,a:/submit/Logs/): The system cannot find the path specified. (code: 3) in C:\\Users\\akk1to\\Documents\\nodejs-projects\\JUDGER\\www\\logs.php on line 4, referer: http://localhost/
[Mon Jan 13 08:49:30.318111 2025] [php7:warn] [pid 14136:tid 1912] [client ::1:51532] PHP Warning:  opendir(a:/submit/Logs/): failed to open dir: No such file or directory in C:\\Users\\akk1to\\Documents\\nodejs-projects\\JUDGER\\www\\logs.php on line 4, referer: http://localhost/
[Mon Jan 13 08:49:30.318111 2025] [php7:warn] [pid 14136:tid 1912] [client ::1:51532] PHP Warning:  readdir() expects parameter 1 to be resource, boolean given in C:\\Users\\akk1to\\Documents\\nodejs-projects\\JUDGER\\www\\logs.php on line 6, referer: http://localhost/
[Mon Jan 13 08:49:32.279805 2025] [php7:warn] [pid 14136:tid 1912] [client ::1:51532] PHP Warning:  opendir(a:/submit/Logs/,a:/submit/Logs/): The system cannot find the path specified. (code: 3) in C:\\Users\\akk1to\\Documents\\nodejs-projects\\JUDGER\\www\\logs.php on line 4, referer: http://localhost/
[Mon Jan 13 08:49:32.279805 2025] [php7:warn] [pid 14136:tid 1912] [client ::1:51532] PHP Warning:  opendir(a:/submit/Logs/): failed to open dir: No such file or directory in C:\\Users\\akk1to\\Documents\\nodejs-projects\\JUDGER\\www\\logs.php on line 4, referer: http://localhost/
[Mon Jan 13 08:49:32.279805 2025] [php7:warn] [pid 14136:tid 1912] [client ::1:51532] PHP Warning:  readdir() expects parameter 1 to be resource, boolean given in C:\\Users\\akk1to\\Documents\\nodejs-projects\\JUDGER\\www\\logs.php on line 6, referer: http://localhost/
[Mon Jan 13 08:49:34.287868 2025] [php7:warn] [pid 14136:tid 1912] [client ::1:51532] PHP Warning:  opendir(a:/submit/Logs/,a:/submit/Logs/): The system cannot find the path specified. (code: 3) in C:\\Users\\akk1to\\Documents\\nodejs-projects\\JUDGER\\www\\logs.php on line 4, referer: http://localhost/
[Mon Jan 13 08:49:34.287868 2025] [php7:warn] [pid 14136:tid 1912] [client ::1:51532] PHP Warning:  opendir(a:/submit/Logs/): failed to open dir: No such file or directory in C:\\Users\\akk1to\\Documents\\nodejs-projects\\JUDGER\\www\\logs.php on line 4, referer: http://localhost/
[Mon Jan 13 08:49:34.287868 2025] [php7:warn] [pid 14136:tid 1912] [client ::1:51532] PHP Warning:  readdir() expects parameter 1 to be resource, boolean given in C:\\Users\\akk1to\\Documents\\nodejs-projects\\JUDGER\\www\\logs.php on line 6, referer: http://localhost/
[Mon Jan 13 08:49:36.294724 2025] [php7:warn] [pid 14136:tid 1912] [client ::1:51532] PHP Warning:  opendir(a:/submit/Logs/,a:/submit/Logs/): The system cannot find the path specified. (code: 3) in C:\\Users\\akk1to\\Documents\\nodejs-projects\\JUDGER\\www\\logs.php on line 4, referer: http://localhost/
[Mon Jan 13 08:49:36.294724 2025] [php7:warn] [pid 14136:tid 1912] [client ::1:51532] PHP Warning:  opendir(a:/submit/Logs/): failed to open dir: No such file or directory in C:\\Users\\akk1to\\Documents\\nodejs-projects\\JUDGER\\www\\logs.php on line 4, referer: http://localhost/
[Mon Jan 13 08:49:36.294724 2025] [php7:warn] [pid 14136:tid 1912] [client ::1:51532] PHP Warning:  readdir() expects parameter 1 to be resource, boolean given in C:\\Users\\akk1to\\Documents\\nodejs-projects\\JUDGER\\www\\logs.php on line 6, referer: http://localhost/
[Mon Jan 13 08:49:38.282486 2025] [php7:warn] [pid 14136:tid 1912] [client ::1:51532] PHP Warning:  opendir(a:/submit/Logs/,a:/submit/Logs/): The system cannot find the path specified. (code: 3) in C:\\Users\\akk1to\\Documents\\nodejs-projects\\JUDGER\\www\\logs.php on line 4, referer: http://localhost/
[Mon Jan 13 08:49:38.282486 2025] [php7:warn] [pid 14136:tid 1912] [client ::1:51532] PHP Warning:  opendir(a:/submit/Logs/): failed to open dir: No such file or directory in C:\\Users\\akk1to\\Documents\\nodejs-projects\\JUDGER\\www\\logs.php on line 4, referer: http://localhost/
[Mon Jan 13 08:49:38.282486 2025] [php7:warn] [pid 14136:tid 1912] [client ::1:51532] PHP Warning:  readdir() expects parameter 1 to be resource, boolean given in C:\\Users\\akk1to\\Documents\\nodejs-projects\\JUDGER\\www\\logs.php on line 6, referer: http://localhost/
[Mon Jan 13 08:49:40.282921 2025] [php7:warn] [pid 14136:tid 1912] [client ::1:51532] PHP Warning:  opendir(a:/submit/Logs/,a:/submit/Logs/): The system cannot find the path specified. (code: 3) in C:\\Users\\akk1to\\Documents\\nodejs-projects\\JUDGER\\www\\logs.php on line 4, referer: http://localhost/
[Mon Jan 13 08:49:40.282921 2025] [php7:warn] [pid 14136:tid 1912] [client ::1:51532] PHP Warning:  opendir(a:/submit/Logs/): failed to open dir: No such file or directory in C:\\Users\\akk1to\\Documents\\nodejs-projects\\JUDGER\\www\\logs.php on line 4, referer: http://localhost/
[Mon Jan 13 08:49:40.282921 2025] [php7:warn] [pid 14136:tid 1912] [client ::1:51532] PHP Warning:  readdir() expects parameter 1 to be resource, boolean given in C:\\Users\\akk1to\\Documents\\nodejs-projects\\JUDGER\\www\\logs.php on line 6, referer: http://localhost/
[Mon Jan 13 08:49:41.369284 2025] [php7:warn] [pid 14136:tid 1912] [client ::1:51532] PHP Warning:  opendir(a:/submit/Logs/,a:/submit/Logs/): The system cannot find the path specified. (code: 3) in C:\\Users\\akk1to\\Documents\\nodejs-projects\\JUDGER\\www\\logs.php on line 4, referer: http://localhost/
[Mon Jan 13 08:49:41.369284 2025] [php7:warn] [pid 14136:tid 1912] [client ::1:51532] PHP Warning:  opendir(a:/submit/Logs/): failed to open dir: No such file or directory in C:\\Users\\akk1to\\Documents\\nodejs-projects\\JUDGER\\www\\logs.php on line 4, referer: http://localhost/
[Mon Jan 13 08:49:41.369284 2025] [php7:warn] [pid 14136:tid 1912] [client ::1:51532] PHP Warning:  readdir() expects parameter 1 to be resource, boolean given in C:\\Users\\akk1to\\Documents\\nodejs-projects\\JUDGER\\www\\logs.php on line 6, referer: http://localhost/
[Mon Jan 13 08:49:42.306062 2025] [php7:warn] [pid 14136:tid 1912] [client ::1:51532] PHP Warning:  opendir(a:/submit/Logs/,a:/submit/Logs/): The system cannot find the path specified. (code: 3) in C:\\Users\\akk1to\\Documents\\nodejs-projects\\JUDGER\\www\\logs.php on line 4, referer: http://localhost/
[Mon Jan 13 08:49:42.306062 2025] [php7:warn] [pid 14136:tid 1912] [client ::1:51532] PHP Warning:  opendir(a:/submit/Logs/): failed to open dir: No such file or directory in C:\\Users\\akk1to\\Documents\\nodejs-projects\\JUDGER\\www\\logs.php on line 4, referer: http://localhost/
[Mon Jan 13 08:49:42.306062 2025] [php7:warn] [pid 14136:tid 1912] [client ::1:51532] PHP Warning:  readdir() expects parameter 1 to be resource, boolean given in C:\\Users\\akk1to\\Documents\\nodejs-projects\\JUDGER\\www\\logs.php on line 6, referer: http://localhost/
[Mon Jan 13 08:49:43.316209 2025] [php7:warn] [pid 14136:tid 1912] [client ::1:51532] PHP Warning:  opendir(a:/submit/Logs/,a:/submit/Logs/): The system cannot find the path specified. (code: 3) in C:\\Users\\akk1to\\Documents\\nodejs-projects\\JUDGER\\www\\logs.php on line 4, referer: http://localhost/
[Mon Jan 13 08:49:43.316209 2025] [php7:warn] [pid 14136:tid 1912] [client ::1:51532] PHP Warning:  opendir(a:/submit/Logs/): failed to open dir: No such file or directory in C:\\Users\\akk1to\\Documents\\nodejs-projects\\JUDGER\\www\\logs.php on line 4, referer: http://localhost/
[Mon Jan 13 08:49:43.316209 2025] [php7:warn] [pid 14136:tid 1912] [client ::1:51532] PHP Warning:  readdir() expects parameter 1 to be resource, boolean given in C:\\Users\\akk1to\\Documents\\nodejs-projects\\JUDGER\\www\\logs.php on line 6, referer: http://localhost/
[Mon Jan 13 08:49:44.312032 2025] [php7:warn] [pid 14136:tid 1912] [client ::1:51532] PHP Warning:  opendir(a:/submit/Logs/,a:/submit/Logs/): The system cannot find the path specified. (code: 3) in C:\\Users\\akk1to\\Documents\\nodejs-projects\\JUDGER\\www\\logs.php on line 4, referer: http://localhost/
[Mon Jan 13 08:49:44.312032 2025] [php7:warn] [pid 14136:tid 1912] [client ::1:51532] PHP Warning:  opendir(a:/submit/Logs/): failed to open dir: No such file or directory in C:\\Users\\akk1to\\Documents\\nodejs-projects\\JUDGER\\www\\logs.php on line 4, referer: http://localhost/
[Mon Jan 13 08:49:44.312032 2025] [php7:warn] [pid 14136:tid 1912] [client ::1:51532] PHP Warning:  readdir() expects parameter 1 to be resource, boolean given in C:\\Users\\akk1to\\Documents\\nodejs-projects\\JUDGER\\www\\logs.php on line 6, referer: http://localhost/
[Mon Jan 13 08:49:45.313264 2025] [php7:warn] [pid 14136:tid 1912] [client ::1:51532] PHP Warning:  opendir(a:/submit/Logs/,a:/submit/Logs/): The system cannot find the path specified. (code: 3) in C:\\Users\\akk1to\\Documents\\nodejs-projects\\JUDGER\\www\\logs.php on line 4, referer: http://localhost/
[Mon Jan 13 08:49:45.313264 2025] [php7:warn] [pid 14136:tid 1912] [client ::1:51532] PHP Warning:  opendir(a:/submit/Logs/): failed to open dir: No such file or directory in C:\\Users\\akk1to\\Documents\\nodejs-projects\\JUDGER\\www\\logs.php on line 4, referer: http://localhost/
[Mon Jan 13 08:49:45.313264 2025] [php7:warn] [pid 14136:tid 1912] [client ::1:51532] PHP Warning:  readdir() expects parameter 1 to be resource, boolean given in C:\\Users\\akk1to\\Documents\\nodejs-projects\\JUDGER\\www\\logs.php on line 6, referer: http://localhost/
[Mon Jan 13 08:49:46.328586 2025] [php7:warn] [pid 14136:tid 1912] [client ::1:51532] PHP Warning:  opendir(a:/submit/Logs/,a:/submit/Logs/): The system cannot find the path specified. (code: 3) in C:\\Users\\akk1to\\Documents\\nodejs-projects\\JUDGER\\www\\logs.php on line 4, referer: http://localhost/
[Mon Jan 13 08:49:46.328586 2025] [php7:warn] [pid 14136:tid 1912] [client ::1:51532] PHP Warning:  opendir(a:/submit/Logs/): failed to open dir: No such file or directory in C:\\Users\\akk1to\\Documents\\nodejs-projects\\JUDGER\\www\\logs.php on line 4, referer: http://localhost/
[Mon Jan 13 08:49:46.328586 2025] [php7:warn] [pid 14136:tid 1912] [client ::1:51532] PHP Warning:  readdir() expects parameter 1 to be resource, boolean given in C:\\Users\\akk1to\\Documents\\nodejs-projects\\JUDGER\\www\\logs.php on line 6, referer: http://localhost/
[Mon Jan 13 08:49:47.318460 2025] [php7:warn] [pid 14136:tid 1912] [client ::1:51532] PHP Warning:  opendir(a:/submit/Logs/,a:/submit/Logs/): The system cannot find the path specified. (code: 3) in C:\\Users\\akk1to\\Documents\\nodejs-projects\\JUDGER\\www\\logs.php on line 4, referer: http://localhost/
[Mon Jan 13 08:49:47.319467 2025] [php7:warn] [pid 14136:tid 1912] [client ::1:51532] PHP Warning:  opendir(a:/submit/Logs/): failed to open dir: No such file or directory in C:\\Users\\akk1to\\Documents\\nodejs-projects\\JUDGER\\www\\logs.php on line 4, referer: http://localhost/
[Mon Jan 13 08:49:47.319467 2025] [php7:warn] [pid 14136:tid 1912] [client ::1:51532] PHP Warning:  readdir() expects parameter 1 to be resource, boolean given in C:\\Users\\akk1to\\Documents\\nodejs-projects\\JUDGER\\www\\logs.php on line 6, referer: http://localhost/
[Mon Jan 13 08:49:49.285023 2025] [php7:warn] [pid 14136:tid 1912] [client ::1:51532] PHP Warning:  opendir(a:/submit/Logs/,a:/submit/Logs/): The system cannot find the path specified. (code: 3) in C:\\Users\\akk1to\\Documents\\nodejs-projects\\JUDGER\\www\\logs.php on line 4, referer: http://localhost/
[Mon Jan 13 08:49:49.285023 2025] [php7:warn] [pid 14136:tid 1912] [client ::1:51532] PHP Warning:  opendir(a:/submit/Logs/): failed to open dir: No such file or directory in C:\\Users\\akk1to\\Documents\\nodejs-projects\\JUDGER\\www\\logs.php on line 4, referer: http://localhost/
[Mon Jan 13 08:49:49.285023 2025] [php7:warn] [pid 14136:tid 1912] [client ::1:51532] PHP Warning:  readdir() expects parameter 1 to be resource, boolean given in C:\\Users\\akk1to\\Documents\\nodejs-projects\\JUDGER\\www\\logs.php on line 6, referer: http://localhost/
[Mon Jan 13 08:49:51.381394 2025] [php7:warn] [pid 14136:tid 1912] [client ::1:51532] PHP Warning:  opendir(a:/submit/Logs/,a:/submit/Logs/): The system cannot find the path specified. (code: 3) in C:\\Users\\akk1to\\Documents\\nodejs-projects\\JUDGER\\www\\logs.php on line 4, referer: http://localhost/
[Mon Jan 13 08:49:51.381394 2025] [php7:warn] [pid 14136:tid 1912] [client ::1:51532] PHP Warning:  opendir(a:/submit/Logs/): failed to open dir: No such file or directory in C:\\Users\\akk1to\\Documents\\nodejs-projects\\JUDGER\\www\\logs.php on line 4, referer: http://localhost/
[Mon Jan 13 08:49:51.381394 2025] [php7:warn] [pid 14136:tid 1912] [client ::1:51532] PHP Warning:  readdir() expects parameter 1 to be resource, boolean given in C:\\Users\\akk1to\\Documents\\nodejs-projects\\JUDGER\\www\\logs.php on line 6, referer: http://localhost/
[Mon Jan 13 08:49:53.285186 2025] [php7:warn] [pid 14136:tid 1912] [client ::1:51532] PHP Warning:  opendir(a:/submit/Logs/,a:/submit/Logs/): The system cannot find the path specified. (code: 3) in C:\\Users\\akk1to\\Documents\\nodejs-projects\\JUDGER\\www\\logs.php on line 4, referer: http://localhost/
[Mon Jan 13 08:49:53.285186 2025] [php7:warn] [pid 14136:tid 1912] [client ::1:51532] PHP Warning:  opendir(a:/submit/Logs/): failed to open dir: No such file or directory in C:\\Users\\akk1to\\Documents\\nodejs-projects\\JUDGER\\www\\logs.php on line 4, referer: http://localhost/
[Mon Jan 13 08:49:53.285186 2025] [php7:warn] [pid 14136:tid 1912] [client ::1:51532] PHP Warning:  readdir() expects parameter 1 to be resource, boolean given in C:\\Users\\akk1to\\Documents\\nodejs-projects\\JUDGER\\www\\logs.php on line 6, referer: http://localhost/
[Mon Jan 13 08:49:55.288325 2025] [php7:warn] [pid 14136:tid 1912] [client ::1:51532] PHP Warning:  opendir(a:/submit/Logs/,a:/submit/Logs/): The system cannot find the path specified. (code: 3) in C:\\Users\\akk1to\\Documents\\nodejs-projects\\JUDGER\\www\\logs.php on line 4, referer: http://localhost/
[Mon Jan 13 08:49:55.288325 2025] [php7:warn] [pid 14136:tid 1912] [client ::1:51532] PHP Warning:  opendir(a:/submit/Logs/): failed to open dir: No such file or directory in C:\\Users\\akk1to\\Documents\\nodejs-projects\\JUDGER\\www\\logs.php on line 4, referer: http://localhost/
[Mon Jan 13 08:49:55.288325 2025] [php7:warn] [pid 14136:tid 1912] [client ::1:51532] PHP Warning:  readdir() expects parameter 1 to be resource, boolean given in C:\\Users\\akk1to\\Documents\\nodejs-projects\\JUDGER\\www\\logs.php on line 6, referer: http://localhost/
[Mon Jan 13 08:49:57.275537 2025] [php7:warn] [pid 14136:tid 1912] [client ::1:51532] PHP Warning:  opendir(a:/submit/Logs/,a:/submit/Logs/): The system cannot find the path specified. (code: 3) in C:\\Users\\akk1to\\Documents\\nodejs-projects\\JUDGER\\www\\logs.php on line 4, referer: http://localhost/
[Mon Jan 13 08:49:57.275537 2025] [php7:warn] [pid 14136:tid 1912] [client ::1:51532] PHP Warning:  opendir(a:/submit/Logs/): failed to open dir: No such file or directory in C:\\Users\\akk1to\\Documents\\nodejs-projects\\JUDGER\\www\\logs.php on line 4, referer: http://localhost/
[Mon Jan 13 08:49:57.275537 2025] [php7:warn] [pid 14136:tid 1912] [client ::1:51532] PHP Warning:  readdir() expects parameter 1 to be resource, boolean given in C:\\Users\\akk1to\\Documents\\nodejs-projects\\JUDGER\\www\\logs.php on line 6, referer: http://localhost/
[Mon Jan 13 08:49:59.281139 2025] [php7:warn] [pid 14136:tid 1912] [client ::1:51532] PHP Warning:  opendir(a:/submit/Logs/,a:/submit/Logs/): The system cannot find the path specified. (code: 3) in C:\\Users\\akk1to\\Documents\\nodejs-projects\\JUDGER\\www\\logs.php on line 4, referer: http://localhost/
[Mon Jan 13 08:49:59.281139 2025] [php7:warn] [pid 14136:tid 1912] [client ::1:51532] PHP Warning:  opendir(a:/submit/Logs/): failed to open dir: No such file or directory in C:\\Users\\akk1to\\Documents\\nodejs-projects\\JUDGER\\www\\logs.php on line 4, referer: http://localhost/
[Mon Jan 13 08:49:59.281139 2025] [php7:warn] [pid 14136:tid 1912] [client ::1:51532] PHP Warning:  readdir() expects parameter 1 to be resource, boolean given in C:\\Users\\akk1to\\Documents\\nodejs-projects\\JUDGER\\www\\logs.php on line 6, referer: http://localhost/
[Mon Jan 13 08:50:01.285611 2025] [php7:warn] [pid 14136:tid 1912] [client ::1:51532] PHP Warning:  opendir(a:/submit/Logs/,a:/submit/Logs/): The system cannot find the path specified. (code: 3) in C:\\Users\\akk1to\\Documents\\nodejs-projects\\JUDGER\\www\\logs.php on line 4, referer: http://localhost/
[Mon Jan 13 08:50:01.285611 2025] [php7:warn] [pid 14136:tid 1912] [client ::1:51532] PHP Warning:  opendir(a:/submit/Logs/): failed to open dir: No such file or directory in C:\\Users\\akk1to\\Documents\\nodejs-projects\\JUDGER\\www\\logs.php on line 4, referer: http://localhost/
[Mon Jan 13 08:50:01.285611 2025] [php7:warn] [pid 14136:tid 1912] [client ::1:51532] PHP Warning:  readdir() expects parameter 1 to be resource, boolean given in C:\\Users\\akk1to\\Documents\\nodejs-projects\\JUDGER\\www\\logs.php on line 6, referer: http://localhost/
[Mon Jan 13 08:50:03.278801 2025] [php7:warn] [pid 14136:tid 1912] [client ::1:51532] PHP Warning:  opendir(a:/submit/Logs/,a:/submit/Logs/): The system cannot find the path specified. (code: 3) in C:\\Users\\akk1to\\Documents\\nodejs-projects\\JUDGER\\www\\logs.php on line 4, referer: http://localhost/
[Mon Jan 13 08:50:03.278801 2025] [php7:warn] [pid 14136:tid 1912] [client ::1:51532] PHP Warning:  opendir(a:/submit/Logs/): failed to open dir: No such file or directory in C:\\Users\\akk1to\\Documents\\nodejs-projects\\JUDGER\\www\\logs.php on line 4, referer: http://localhost/
[Mon Jan 13 08:50:03.278801 2025] [php7:warn] [pid 14136:tid 1912] [client ::1:51532] PHP Warning:  readdir() expects parameter 1 to be resource, boolean given in C:\\Users\\akk1to\\Documents\\nodejs-projects\\JUDGER\\www\\logs.php on line 6, referer: http://localhost/
[Mon Jan 13 08:50:05.277383 2025] [php7:warn] [pid 14136:tid 1912] [client ::1:51532] PHP Warning:  opendir(a:/submit/Logs/,a:/submit/Logs/): The system cannot find the path specified. (code: 3) in C:\\Users\\akk1to\\Documents\\nodejs-projects\\JUDGER\\www\\logs.php on line 4, referer: http://localhost/
[Mon Jan 13 08:50:05.277383 2025] [php7:warn] [pid 14136:tid 1912] [client ::1:51532] PHP Warning:  opendir(a:/submit/Logs/): failed to open dir: No such file or directory in C:\\Users\\akk1to\\Documents\\nodejs-projects\\JUDGER\\www\\logs.php on line 4, referer: http://localhost/
[Mon Jan 13 08:50:05.277383 2025] [php7:warn] [pid 14136:tid 1912] [client ::1:51532] PHP Warning:  readdir() expects parameter 1 to be resource, boolean given in C:\\Users\\akk1to\\Documents\\nodejs-projects\\JUDGER\\www\\logs.php on line 6, referer: http://localhost/
[Mon Jan 13 08:50:07.283910 2025] [php7:warn] [pid 14136:tid 1912] [client ::1:51532] PHP Warning:  opendir(a:/submit/Logs/,a:/submit/Logs/): The system cannot find the path specified. (code: 3) in C:\\Users\\akk1to\\Documents\\nodejs-projects\\JUDGER\\www\\logs.php on line 4, referer: http://localhost/
[Mon Jan 13 08:50:07.284536 2025] [php7:warn] [pid 14136:tid 1912] [client ::1:51532] PHP Warning:  opendir(a:/submit/Logs/): failed to open dir: No such file or directory in C:\\Users\\akk1to\\Documents\\nodejs-projects\\JUDGER\\www\\logs.php on line 4, referer: http://localhost/
[Mon Jan 13 08:50:07.284536 2025] [php7:warn] [pid 14136:tid 1912] [client ::1:51532] PHP Warning:  readdir() expects parameter 1 to be resource, boolean given in C:\\Users\\akk1to\\Documents\\nodejs-projects\\JUDGER\\www\\logs.php on line 6, referer: http://localhost/
[Mon Jan 13 08:50:09.282402 2025] [php7:warn] [pid 14136:tid 1912] [client ::1:51532] PHP Warning:  opendir(a:/submit/Logs/,a:/submit/Logs/): The system cannot find the path specified. (code: 3) in C:\\Users\\akk1to\\Documents\\nodejs-projects\\JUDGER\\www\\logs.php on line 4, referer: http://localhost/
[Mon Jan 13 08:50:09.282402 2025] [php7:warn] [pid 14136:tid 1912] [client ::1:51532] PHP Warning:  opendir(a:/submit/Logs/): failed to open dir: No such file or directory in C:\\Users\\akk1to\\Documents\\nodejs-projects\\JUDGER\\www\\logs.php on line 4, referer: http://localhost/
[Mon Jan 13 08:50:09.282402 2025] [php7:warn] [pid 14136:tid 1912] [client ::1:51532] PHP Warning:  readdir() expects parameter 1 to be resource, boolean given in C:\\Users\\akk1to\\Documents\\nodejs-projects\\JUDGER\\www\\logs.php on line 6, referer: http://localhost/
[Mon Jan 13 08:50:11.280151 2025] [php7:warn] [pid 14136:tid 1912] [client ::1:51532] PHP Warning:  opendir(a:/submit/Logs/,a:/submit/Logs/): The system cannot find the path specified. (code: 3) in C:\\Users\\akk1to\\Documents\\nodejs-projects\\JUDGER\\www\\logs.php on line 4, referer: http://localhost/
[Mon Jan 13 08:50:11.280151 2025] [php7:warn] [pid 14136:tid 1912] [client ::1:51532] PHP Warning:  opendir(a:/submit/Logs/): failed to open dir: No such file or directory in C:\\Users\\akk1to\\Documents\\nodejs-projects\\JUDGER\\www\\logs.php on line 4, referer: http://localhost/
[Mon Jan 13 08:50:11.280151 2025] [php7:warn] [pid 14136:tid 1912] [client ::1:51532] PHP Warning:  readdir() expects parameter 1 to be resource, boolean given in C:\\Users\\akk1to\\Documents\\nodejs-projects\\JUDGER\\www\\logs.php on line 6, referer: http://localhost/
[Mon Jan 13 08:50:13.295691 2025] [php7:warn] [pid 14136:tid 1912] [client ::1:51532] PHP Warning:  opendir(a:/submit/Logs/,a:/submit/Logs/): The system cannot find the path specified. (code: 3) in C:\\Users\\akk1to\\Documents\\nodejs-projects\\JUDGER\\www\\logs.php on line 4, referer: http://localhost/
[Mon Jan 13 08:50:13.295691 2025] [php7:warn] [pid 14136:tid 1912] [client ::1:51532] PHP Warning:  opendir(a:/submit/Logs/): failed to open dir: No such file or directory in C:\\Users\\akk1to\\Documents\\nodejs-projects\\JUDGER\\www\\logs.php on line 4, referer: http://localhost/
[Mon Jan 13 08:50:13.295691 2025] [php7:warn] [pid 14136:tid 1912] [client ::1:51532] PHP Warning:  readdir() expects parameter 1 to be resource, boolean given in C:\\Users\\akk1to\\Documents\\nodejs-projects\\JUDGER\\www\\logs.php on line 6, referer: http://localhost/
[Mon Jan 13 08:50:14.350030 2025] [php7:warn] [pid 14136:tid 1912] [client ::1:51532] PHP Warning:  opendir(a:/submit/Logs/,a:/submit/Logs/): The system cannot find the path specified. (code: 3) in C:\\Users\\akk1to\\Documents\\nodejs-projects\\JUDGER\\www\\logs.php on line 4, referer: http://localhost/
[Mon Jan 13 08:50:14.350030 2025] [php7:warn] [pid 14136:tid 1912] [client ::1:51532] PHP Warning:  opendir(a:/submit/Logs/): failed to open dir: No such file or directory in C:\\Users\\akk1to\\Documents\\nodejs-projects\\JUDGER\\www\\logs.php on line 4, referer: http://localhost/
[Mon Jan 13 08:50:14.350030 2025] [php7:warn] [pid 14136:tid 1912] [client ::1:51532] PHP Warning:  readdir() expects parameter 1 to be resource, boolean given in C:\\Users\\akk1to\\Documents\\nodejs-projects\\JUDGER\\www\\logs.php on line 6, referer: http://localhost/
[Mon Jan 13 08:50:16.285073 2025] [php7:warn] [pid 14136:tid 1912] [client ::1:51532] PHP Warning:  opendir(a:/submit/Logs/,a:/submit/Logs/): The system cannot find the path specified. (code: 3) in C:\\Users\\akk1to\\Documents\\nodejs-projects\\JUDGER\\www\\logs.php on line 4, referer: http://localhost/
[Mon Jan 13 08:50:16.286097 2025] [php7:warn] [pid 14136:tid 1912] [client ::1:51532] PHP Warning:  opendir(a:/submit/Logs/): failed to open dir: No such file or directory in C:\\Users\\akk1to\\Documents\\nodejs-projects\\JUDGER\\www\\logs.php on line 4, referer: http://localhost/
[Mon Jan 13 08:50:16.286097 2025] [php7:warn] [pid 14136:tid 1912] [client ::1:51532] PHP Warning:  readdir() expects parameter 1 to be resource, boolean given in C:\\Users\\akk1to\\Documents\\nodejs-projects\\JUDGER\\www\\logs.php on line 6, referer: http://localhost/
[Mon Jan 13 08:50:18.389705 2025] [php7:warn] [pid 14136:tid 1912] [client ::1:51532] PHP Warning:  opendir(a:/submit/Logs/,a:/submit/Logs/): The system cannot find the path specified. (code: 3) in C:\\Users\\akk1to\\Documents\\nodejs-projects\\JUDGER\\www\\logs.php on line 4, referer: http://localhost/
[Mon Jan 13 08:50:18.389705 2025] [php7:warn] [pid 14136:tid 1912] [client ::1:51532] PHP Warning:  opendir(a:/submit/Logs/): failed to open dir: No such file or directory in C:\\Users\\akk1to\\Documents\\nodejs-projects\\JUDGER\\www\\logs.php on line 4, referer: http://localhost/
[Mon Jan 13 08:50:18.389705 2025] [php7:warn] [pid 14136:tid 1912] [client ::1:51532] PHP Warning:  readdir() expects parameter 1 to be resource, boolean given in C:\\Users\\akk1to\\Documents\\nodejs-projects\\JUDGER\\www\\logs.php on line 6, referer: http://localhost/
[Mon Jan 13 08:50:20.284434 2025] [php7:warn] [pid 14136:tid 1912] [client ::1:51532] PHP Warning:  opendir(a:/submit/Logs/,a:/submit/Logs/): The system cannot find the path specified. (code: 3) in C:\\Users\\akk1to\\Documents\\nodejs-projects\\JUDGER\\www\\logs.php on line 4, referer: http://localhost/
[Mon Jan 13 08:50:20.284434 2025] [php7:warn] [pid 14136:tid 1912] [client ::1:51532] PHP Warning:  opendir(a:/submit/Logs/): failed to open dir: No such file or directory in C:\\Users\\akk1to\\Documents\\nodejs-projects\\JUDGER\\www\\logs.php on line 4, referer: http://localhost/
[Mon Jan 13 08:50:20.284434 2025] [php7:warn] [pid 14136:tid 1912] [client ::1:51532] PHP Warning:  readdir() expects parameter 1 to be resource, boolean given in C:\\Users\\akk1to\\Documents\\nodejs-projects\\JUDGER\\www\\logs.php on line 6, referer: http://localhost/
[Mon Jan 13 08:50:22.282135 2025] [php7:warn] [pid 14136:tid 1912] [client ::1:51532] PHP Warning:  opendir(a:/submit/Logs/,a:/submit/Logs/): The system cannot find the path specified. (code: 3) in C:\\Users\\akk1to\\Documents\\nodejs-projects\\JUDGER\\www\\logs.php on line 4, referer: http://localhost/
[Mon Jan 13 08:50:22.282135 2025] [php7:warn] [pid 14136:tid 1912] [client ::1:51532] PHP Warning:  opendir(a:/submit/Logs/): failed to open dir: No such file or directory in C:\\Users\\akk1to\\Documents\\nodejs-projects\\JUDGER\\www\\logs.php on line 4, referer: http://localhost/
[Mon Jan 13 08:50:22.283053 2025] [php7:warn] [pid 14136:tid 1912] [client ::1:51532] PHP Warning:  readdir() expects parameter 1 to be resource, boolean given in C:\\Users\\akk1to\\Documents\\nodejs-projects\\JUDGER\\www\\logs.php on line 6, referer: http://localhost/
[Mon Jan 13 08:50:24.279566 2025] [php7:warn] [pid 14136:tid 1912] [client ::1:51532] PHP Warning:  opendir(a:/submit/Logs/,a:/submit/Logs/): The system cannot find the path specified. (code: 3) in C:\\Users\\akk1to\\Documents\\nodejs-projects\\JUDGER\\www\\logs.php on line 4, referer: http://localhost/
[Mon Jan 13 08:50:24.279566 2025] [php7:warn] [pid 14136:tid 1912] [client ::1:51532] PHP Warning:  opendir(a:/submit/Logs/): failed to open dir: No such file or directory in C:\\Users\\akk1to\\Documents\\nodejs-projects\\JUDGER\\www\\logs.php on line 4, referer: http://localhost/
[Mon Jan 13 08:50:24.280565 2025] [php7:warn] [pid 14136:tid 1912] [client ::1:51532] PHP Warning:  readdir() expects parameter 1 to be resource, boolean given in C:\\Users\\akk1to\\Documents\\nodejs-projects\\JUDGER\\www\\logs.php on line 6, referer: http://localhost/
[Mon Jan 13 08:50:26.282943 2025] [php7:warn] [pid 14136:tid 1912] [client ::1:51532] PHP Warning:  opendir(a:/submit/Logs/,a:/submit/Logs/): The system cannot find the path specified. (code: 3) in C:\\Users\\akk1to\\Documents\\nodejs-projects\\JUDGER\\www\\logs.php on line 4, referer: http://localhost/
[Mon Jan 13 08:50:26.282943 2025] [php7:warn] [pid 14136:tid 1912] [client ::1:51532] PHP Warning:  opendir(a:/submit/Logs/): failed to open dir: No such file or directory in C:\\Users\\akk1to\\Documents\\nodejs-projects\\JUDGER\\www\\logs.php on line 4, referer: http://localhost/
[Mon Jan 13 08:50:26.282943 2025] [php7:warn] [pid 14136:tid 1912] [client ::1:51532] PHP Warning:  readdir() expects parameter 1 to be resource, boolean given in C:\\Users\\akk1to\\Documents\\nodejs-projects\\JUDGER\\www\\logs.php on line 6, referer: http://localhost/
[Mon Jan 13 08:50:28.280779 2025] [php7:warn] [pid 14136:tid 1912] [client ::1:51532] PHP Warning:  opendir(a:/submit/Logs/,a:/submit/Logs/): The system cannot find the path specified. (code: 3) in C:\\Users\\akk1to\\Documents\\nodejs-projects\\JUDGER\\www\\logs.php on line 4, referer: http://localhost/
[Mon Jan 13 08:50:28.280779 2025] [php7:warn] [pid 14136:tid 1912] [client ::1:51532] PHP Warning:  opendir(a:/submit/Logs/): failed to open dir: No such file or directory in C:\\Users\\akk1to\\Documents\\nodejs-projects\\JUDGER\\www\\logs.php on line 4, referer: http://localhost/
[Mon Jan 13 08:50:28.281776 2025] [php7:warn] [pid 14136:tid 1912] [client ::1:51532] PHP Warning:  readdir() expects parameter 1 to be resource, boolean given in C:\\Users\\akk1to\\Documents\\nodejs-projects\\JUDGER\\www\\logs.php on line 6, referer: http://localhost/
[Mon Jan 13 08:50:29.379334 2025] [php7:warn] [pid 14136:tid 1912] [client ::1:51532] PHP Warning:  opendir(a:/submit/Logs/,a:/submit/Logs/): The system cannot find the path specified. (code: 3) in C:\\Users\\akk1to\\Documents\\nodejs-projects\\JUDGER\\www\\logs.php on line 4, referer: http://localhost/
[Mon Jan 13 08:50:29.379334 2025] [php7:warn] [pid 14136:tid 1912] [client ::1:51532] PHP Warning:  opendir(a:/submit/Logs/): failed to open dir: No such file or directory in C:\\Users\\akk1to\\Documents\\nodejs-projects\\JUDGER\\www\\logs.php on line 4, referer: http://localhost/
[Mon Jan 13 08:50:29.379334 2025] [php7:warn] [pid 14136:tid 1912] [client ::1:51532] PHP Warning:  readdir() expects parameter 1 to be resource, boolean given in C:\\Users\\akk1to\\Documents\\nodejs-projects\\JUDGER\\www\\logs.php on line 6, referer: http://localhost/
[Mon Jan 13 08:50:30.307752 2025] [php7:warn] [pid 14136:tid 1912] [client ::1:51532] PHP Warning:  opendir(a:/submit/Logs/,a:/submit/Logs/): The system cannot find the path specified. (code: 3) in C:\\Users\\akk1to\\Documents\\nodejs-projects\\JUDGER\\www\\logs.php on line 4, referer: http://localhost/
[Mon Jan 13 08:50:30.308709 2025] [php7:warn] [pid 14136:tid 1912] [client ::1:51532] PHP Warning:  opendir(a:/submit/Logs/): failed to open dir: No such file or directory in C:\\Users\\akk1to\\Documents\\nodejs-projects\\JUDGER\\www\\logs.php on line 4, referer: http://localhost/
[Mon Jan 13 08:50:30.308709 2025] [php7:warn] [pid 14136:tid 1912] [client ::1:51532] PHP Warning:  readdir() expects parameter 1 to be resource, boolean given in C:\\Users\\akk1to\\Documents\\nodejs-projects\\JUDGER\\www\\logs.php on line 6, referer: http://localhost/
[Mon Jan 13 08:50:31.316642 2025] [php7:warn] [pid 14136:tid 1912] [client ::1:51532] PHP Warning:  opendir(a:/submit/Logs/,a:/submit/Logs/): The system cannot find the path specified. (code: 3) in C:\\Users\\akk1to\\Documents\\nodejs-projects\\JUDGER\\www\\logs.php on line 4, referer: http://localhost/
[Mon Jan 13 08:50:31.316642 2025] [php7:warn] [pid 14136:tid 1912] [client ::1:51532] PHP Warning:  opendir(a:/submit/Logs/): failed to open dir: No such file or directory in C:\\Users\\akk1to\\Documents\\nodejs-projects\\JUDGER\\www\\logs.php on line 4, referer: http://localhost/
[Mon Jan 13 08:50:31.317633 2025] [php7:warn] [pid 14136:tid 1912] [client ::1:51532] PHP Warning:  readdir() expects parameter 1 to be resource, boolean given in C:\\Users\\akk1to\\Documents\\nodejs-projects\\JUDGER\\www\\logs.php on line 6, referer: http://localhost/
[Mon Jan 13 08:50:33.283384 2025] [php7:warn] [pid 14136:tid 1912] [client ::1:51532] PHP Warning:  opendir(a:/submit/Logs/,a:/submit/Logs/): The system cannot find the path specified. (code: 3) in C:\\Users\\akk1to\\Documents\\nodejs-projects\\JUDGER\\www\\logs.php on line 4, referer: http://localhost/
[Mon Jan 13 08:50:33.283384 2025] [php7:warn] [pid 14136:tid 1912] [client ::1:51532] PHP Warning:  opendir(a:/submit/Logs/): failed to open dir: No such file or directory in C:\\Users\\akk1to\\Documents\\nodejs-projects\\JUDGER\\www\\logs.php on line 4, referer: http://localhost/
[Mon Jan 13 08:50:33.283384 2025] [php7:warn] [pid 14136:tid 1912] [client ::1:51532] PHP Warning:  readdir() expects parameter 1 to be resource, boolean given in C:\\Users\\akk1to\\Documents\\nodejs-projects\\JUDGER\\www\\logs.php on line 6, referer: http://localhost/
[Mon Jan 13 08:50:35.284707 2025] [php7:warn] [pid 14136:tid 1912] [client ::1:51532] PHP Warning:  opendir(a:/submit/Logs/,a:/submit/Logs/): The system cannot find the path specified. (code: 3) in C:\\Users\\akk1to\\Documents\\nodejs-projects\\JUDGER\\www\\logs.php on line 4, referer: http://localhost/
[Mon Jan 13 08:50:35.284707 2025] [php7:warn] [pid 14136:tid 1912] [client ::1:51532] PHP Warning:  opendir(a:/submit/Logs/): failed to open dir: No such file or directory in C:\\Users\\akk1to\\Documents\\nodejs-projects\\JUDGER\\www\\logs.php on line 4, referer: http://localhost/
[Mon Jan 13 08:50:35.284707 2025] [php7:warn] [pid 14136:tid 1912] [client ::1:51532] PHP Warning:  readdir() expects parameter 1 to be resource, boolean given in C:\\Users\\akk1to\\Documents\\nodejs-projects\\JUDGER\\www\\logs.php on line 6, referer: http://localhost/
[Mon Jan 13 08:50:37.280329 2025] [php7:warn] [pid 14136:tid 1912] [client ::1:51580] PHP Warning:  opendir(a:/submit/Logs/,a:/submit/Logs/): The system cannot find the path specified. (code: 3) in C:\\Users\\akk1to\\Documents\\nodejs-projects\\JUDGER\\www\\logs.php on line 4, referer: http://localhost/
[Mon Jan 13 08:50:37.281329 2025] [php7:warn] [pid 14136:tid 1912] [client ::1:51580] PHP Warning:  opendir(a:/submit/Logs/): failed to open dir: No such file or directory in C:\\Users\\akk1to\\Documents\\nodejs-projects\\JUDGER\\www\\logs.php on line 4, referer: http://localhost/
[Mon Jan 13 08:50:37.281329 2025] [php7:warn] [pid 14136:tid 1912] [client ::1:51580] PHP Warning:  readdir() expects parameter 1 to be resource, boolean given in C:\\Users\\akk1to\\Documents\\nodejs-projects\\JUDGER\\www\\logs.php on line 6, referer: http://localhost/
[Mon Jan 13 08:50:39.286700 2025] [php7:warn] [pid 14136:tid 1912] [client ::1:51580] PHP Warning:  opendir(a:/submit/Logs/,a:/submit/Logs/): The system cannot find the path specified. (code: 3) in C:\\Users\\akk1to\\Documents\\nodejs-projects\\JUDGER\\www\\logs.php on line 4, referer: http://localhost/
[Mon Jan 13 08:50:39.286700 2025] [php7:warn] [pid 14136:tid 1912] [client ::1:51580] PHP Warning:  opendir(a:/submit/Logs/): failed to open dir: No such file or directory in C:\\Users\\akk1to\\Documents\\nodejs-projects\\JUDGER\\www\\logs.php on line 4, referer: http://localhost/
[Mon Jan 13 08:50:39.286700 2025] [php7:warn] [pid 14136:tid 1912] [client ::1:51580] PHP Warning:  readdir() expects parameter 1 to be resource, boolean given in C:\\Users\\akk1to\\Documents\\nodejs-projects\\JUDGER\\www\\logs.php on line 6, referer: http://localhost/
[Mon Jan 13 08:50:41.283081 2025] [php7:warn] [pid 14136:tid 1912] [client ::1:51580] PHP Warning:  opendir(a:/submit/Logs/,a:/submit/Logs/): The system cannot find the path specified. (code: 3) in C:\\Users\\akk1to\\Documents\\nodejs-projects\\JUDGER\\www\\logs.php on line 4, referer: http://localhost/
[Mon Jan 13 08:50:41.283081 2025] [php7:warn] [pid 14136:tid 1912] [client ::1:51580] PHP Warning:  opendir(a:/submit/Logs/): failed to open dir: No such file or directory in C:\\Users\\akk1to\\Documents\\nodejs-projects\\JUDGER\\www\\logs.php on line 4, referer: http://localhost/
[Mon Jan 13 08:50:41.283081 2025] [php7:warn] [pid 14136:tid 1912] [client ::1:51580] PHP Warning:  readdir() expects parameter 1 to be resource, boolean given in C:\\Users\\akk1to\\Documents\\nodejs-projects\\JUDGER\\www\\logs.php on line 6, referer: http://localhost/
[Mon Jan 13 08:50:43.279586 2025] [php7:warn] [pid 14136:tid 1912] [client ::1:51580] PHP Warning:  opendir(a:/submit/Logs/,a:/submit/Logs/): The system cannot find the path specified. (code: 3) in C:\\Users\\akk1to\\Documents\\nodejs-projects\\JUDGER\\www\\logs.php on line 4, referer: http://localhost/
[Mon Jan 13 08:50:43.279586 2025] [php7:warn] [pid 14136:tid 1912] [client ::1:51580] PHP Warning:  opendir(a:/submit/Logs/): failed to open dir: No such file or directory in C:\\Users\\akk1to\\Documents\\nodejs-projects\\JUDGER\\www\\logs.php on line 4, referer: http://localhost/
[Mon Jan 13 08:50:43.279586 2025] [php7:warn] [pid 14136:tid 1912] [client ::1:51580] PHP Warning:  readdir() expects parameter 1 to be resource, boolean given in C:\\Users\\akk1to\\Documents\\nodejs-projects\\JUDGER\\www\\logs.php on line 6, referer: http://localhost/
[Mon Jan 13 08:50:45.282458 2025] [php7:warn] [pid 14136:tid 1912] [client ::1:51580] PHP Warning:  opendir(a:/submit/Logs/,a:/submit/Logs/): The system cannot find the path specified. (code: 3) in C:\\Users\\akk1to\\Documents\\nodejs-projects\\JUDGER\\www\\logs.php on line 4, referer: http://localhost/
[Mon Jan 13 08:50:45.282458 2025] [php7:warn] [pid 14136:tid 1912] [client ::1:51580] PHP Warning:  opendir(a:/submit/Logs/): failed to open dir: No such file or directory in C:\\Users\\akk1to\\Documents\\nodejs-projects\\JUDGER\\www\\logs.php on line 4, referer: http://localhost/
[Mon Jan 13 08:50:45.282458 2025] [php7:warn] [pid 14136:tid 1912] [client ::1:51580] PHP Warning:  readdir() expects parameter 1 to be resource, boolean given in C:\\Users\\akk1to\\Documents\\nodejs-projects\\JUDGER\\www\\logs.php on line 6, referer: http://localhost/
[Mon Jan 13 08:50:47.282468 2025] [php7:warn] [pid 14136:tid 1912] [client ::1:51580] PHP Warning:  opendir(a:/submit/Logs/,a:/submit/Logs/): The system cannot find the path specified. (code: 3) in C:\\Users\\akk1to\\Documents\\nodejs-projects\\JUDGER\\www\\logs.php on line 4, referer: http://localhost/
[Mon Jan 13 08:50:47.282468 2025] [php7:warn] [pid 14136:tid 1912] [client ::1:51580] PHP Warning:  opendir(a:/submit/Logs/): failed to open dir: No such file or directory in C:\\Users\\akk1to\\Documents\\nodejs-projects\\JUDGER\\www\\logs.php on line 4, referer: http://localhost/
[Mon Jan 13 08:50:47.282468 2025] [php7:warn] [pid 14136:tid 1912] [client ::1:51580] PHP Warning:  readdir() expects parameter 1 to be resource, boolean given in C:\\Users\\akk1to\\Documents\\nodejs-projects\\JUDGER\\www\\logs.php on line 6, referer: http://localhost/
[Mon Jan 13 08:50:49.285564 2025] [php7:warn] [pid 14136:tid 1912] [client ::1:51580] PHP Warning:  opendir(a:/submit/Logs/,a:/submit/Logs/): The system cannot find the path specified. (code: 3) in C:\\Users\\akk1to\\Documents\\nodejs-projects\\JUDGER\\www\\logs.php on line 4, referer: http://localhost/
[Mon Jan 13 08:50:49.285564 2025] [php7:warn] [pid 14136:tid 1912] [client ::1:51580] PHP Warning:  opendir(a:/submit/Logs/): failed to open dir: No such file or directory in C:\\Users\\akk1to\\Documents\\nodejs-projects\\JUDGER\\www\\logs.php on line 4, referer: http://localhost/
[Mon Jan 13 08:50:49.285564 2025] [php7:warn] [pid 14136:tid 1912] [client ::1:51580] PHP Warning:  readdir() expects parameter 1 to be resource, boolean given in C:\\Users\\akk1to\\Documents\\nodejs-projects\\JUDGER\\www\\logs.php on line 6, referer: http://localhost/
[Mon Jan 13 08:50:51.283539 2025] [php7:warn] [pid 14136:tid 1912] [client ::1:51580] PHP Warning:  opendir(a:/submit/Logs/,a:/submit/Logs/): The system cannot find the path specified. (code: 3) in C:\\Users\\akk1to\\Documents\\nodejs-projects\\JUDGER\\www\\logs.php on line 4, referer: http://localhost/
[Mon Jan 13 08:50:51.283539 2025] [php7:warn] [pid 14136:tid 1912] [client ::1:51580] PHP Warning:  opendir(a:/submit/Logs/): failed to open dir: No such file or directory in C:\\Users\\akk1to\\Documents\\nodejs-projects\\JUDGER\\www\\logs.php on line 4, referer: http://localhost/
[Mon Jan 13 08:50:51.283539 2025] [php7:warn] [pid 14136:tid 1912] [client ::1:51580] PHP Warning:  readdir() expects parameter 1 to be resource, boolean given in C:\\Users\\akk1to\\Documents\\nodejs-projects\\JUDGER\\www\\logs.php on line 6, referer: http://localhost/
[Mon Jan 13 08:50:52.411125 2025] [php7:warn] [pid 14136:tid 1912] [client ::1:51580] PHP Warning:  opendir(a:/submit/Logs/,a:/submit/Logs/): The system cannot find the path specified. (code: 3) in C:\\Users\\akk1to\\Documents\\nodejs-projects\\JUDGER\\www\\logs.php on line 4, referer: http://localhost/
[Mon Jan 13 08:50:52.411125 2025] [php7:warn] [pid 14136:tid 1912] [client ::1:51580] PHP Warning:  opendir(a:/submit/Logs/): failed to open dir: No such file or directory in C:\\Users\\akk1to\\Documents\\nodejs-projects\\JUDGER\\www\\logs.php on line 4, referer: http://localhost/
[Mon Jan 13 08:50:52.412133 2025] [php7:warn] [pid 14136:tid 1912] [client ::1:51580] PHP Warning:  readdir() expects parameter 1 to be resource, boolean given in C:\\Users\\akk1to\\Documents\\nodejs-projects\\JUDGER\\www\\logs.php on line 6, referer: http://localhost/
[Mon Jan 13 08:50:54.290971 2025] [php7:warn] [pid 14136:tid 1912] [client ::1:51580] PHP Warning:  opendir(a:/submit/Logs/,a:/submit/Logs/): The system cannot find the path specified. (code: 3) in C:\\Users\\akk1to\\Documents\\nodejs-projects\\JUDGER\\www\\logs.php on line 4, referer: http://localhost/
[Mon Jan 13 08:50:54.290971 2025] [php7:warn] [pid 14136:tid 1912] [client ::1:51580] PHP Warning:  opendir(a:/submit/Logs/): failed to open dir: No such file or directory in C:\\Users\\akk1to\\Documents\\nodejs-projects\\JUDGER\\www\\logs.php on line 4, referer: http://localhost/
[Mon Jan 13 08:50:54.290971 2025] [php7:warn] [pid 14136:tid 1912] [client ::1:51580] PHP Warning:  readdir() expects parameter 1 to be resource, boolean given in C:\\Users\\akk1to\\Documents\\nodejs-projects\\JUDGER\\www\\logs.php on line 6, referer: http://localhost/
[Mon Jan 13 08:50:56.276666 2025] [php7:warn] [pid 14136:tid 1912] [client ::1:51580] PHP Warning:  opendir(a:/submit/Logs/,a:/submit/Logs/): The system cannot find the path specified. (code: 3) in C:\\Users\\akk1to\\Documents\\nodejs-projects\\JUDGER\\www\\logs.php on line 4, referer: http://localhost/
[Mon Jan 13 08:50:56.277697 2025] [php7:warn] [pid 14136:tid 1912] [client ::1:51580] PHP Warning:  opendir(a:/submit/Logs/): failed to open dir: No such file or directory in C:\\Users\\akk1to\\Documents\\nodejs-projects\\JUDGER\\www\\logs.php on line 4, referer: http://localhost/
[Mon Jan 13 08:50:56.277697 2025] [php7:warn] [pid 14136:tid 1912] [client ::1:51580] PHP Warning:  readdir() expects parameter 1 to be resource, boolean given in C:\\Users\\akk1to\\Documents\\nodejs-projects\\JUDGER\\www\\logs.php on line 6, referer: http://localhost/
[Mon Jan 13 08:50:58.288785 2025] [php7:warn] [pid 14136:tid 1912] [client ::1:51580] PHP Warning:  opendir(a:/submit/Logs/,a:/submit/Logs/): The system cannot find the path specified. (code: 3) in C:\\Users\\akk1to\\Documents\\nodejs-projects\\JUDGER\\www\\logs.php on line 4, referer: http://localhost/
[Mon Jan 13 08:50:58.289731 2025] [php7:warn] [pid 14136:tid 1912] [client ::1:51580] PHP Warning:  opendir(a:/submit/Logs/): failed to open dir: No such file or directory in C:\\Users\\akk1to\\Documents\\nodejs-projects\\JUDGER\\www\\logs.php on line 4, referer: http://localhost/
[Mon Jan 13 08:50:58.289731 2025] [php7:warn] [pid 14136:tid 1912] [client ::1:51580] PHP Warning:  readdir() expects parameter 1 to be resource, boolean given in C:\\Users\\akk1to\\Documents\\nodejs-projects\\JUDGER\\www\\logs.php on line 6, referer: http://localhost/
[Mon Jan 13 08:51:00.276244 2025] [php7:warn] [pid 14136:tid 1912] [client ::1:51580] PHP Warning:  opendir(a:/submit/Logs/,a:/submit/Logs/): The system cannot find the path specified. (code: 3) in C:\\Users\\akk1to\\Documents\\nodejs-projects\\JUDGER\\www\\logs.php on line 4, referer: http://localhost/
[Mon Jan 13 08:51:00.276244 2025] [php7:warn] [pid 14136:tid 1912] [client ::1:51580] PHP Warning:  opendir(a:/submit/Logs/): failed to open dir: No such file or directory in C:\\Users\\akk1to\\Documents\\nodejs-projects\\JUDGER\\www\\logs.php on line 4, referer: http://localhost/
[Mon Jan 13 08:51:00.276244 2025] [php7:warn] [pid 14136:tid 1912] [client ::1:51580] PHP Warning:  readdir() expects parameter 1 to be resource, boolean given in C:\\Users\\akk1to\\Documents\\nodejs-projects\\JUDGER\\www\\logs.php on line 6, referer: http://localhost/
[Mon Jan 13 08:51:02.282942 2025] [php7:warn] [pid 14136:tid 1912] [client ::1:51580] PHP Warning:  opendir(a:/submit/Logs/,a:/submit/Logs/): The system cannot find the path specified. (code: 3) in C:\\Users\\akk1to\\Documents\\nodejs-projects\\JUDGER\\www\\logs.php on line 4, referer: http://localhost/
[Mon Jan 13 08:51:02.282942 2025] [php7:warn] [pid 14136:tid 1912] [client ::1:51580] PHP Warning:  opendir(a:/submit/Logs/): failed to open dir: No such file or directory in C:\\Users\\akk1to\\Documents\\nodejs-projects\\JUDGER\\www\\logs.php on line 4, referer: http://localhost/
[Mon Jan 13 08:51:02.282942 2025] [php7:warn] [pid 14136:tid 1912] [client ::1:51580] PHP Warning:  readdir() expects parameter 1 to be resource, boolean given in C:\\Users\\akk1to\\Documents\\nodejs-projects\\JUDGER\\www\\logs.php on line 6, referer: http://localhost/
[Mon Jan 13 08:51:04.283004 2025] [php7:warn] [pid 14136:tid 1912] [client ::1:51580] PHP Warning:  opendir(a:/submit/Logs/,a:/submit/Logs/): The system cannot find the path specified. (code: 3) in C:\\Users\\akk1to\\Documents\\nodejs-projects\\JUDGER\\www\\logs.php on line 4, referer: http://localhost/
[Mon Jan 13 08:51:04.283004 2025] [php7:warn] [pid 14136:tid 1912] [client ::1:51580] PHP Warning:  opendir(a:/submit/Logs/): failed to open dir: No such file or directory in C:\\Users\\akk1to\\Documents\\nodejs-projects\\JUDGER\\www\\logs.php on line 4, referer: http://localhost/
[Mon Jan 13 08:51:04.283004 2025] [php7:warn] [pid 14136:tid 1912] [client ::1:51580] PHP Warning:  readdir() expects parameter 1 to be resource, boolean given in C:\\Users\\akk1to\\Documents\\nodejs-projects\\JUDGER\\www\\logs.php on line 6, referer: http://localhost/
[Mon Jan 13 08:51:06.295361 2025] [php7:warn] [pid 14136:tid 1912] [client ::1:51580] PHP Warning:  opendir(a:/submit/Logs/,a:/submit/Logs/): The system cannot find the path specified. (code: 3) in C:\\Users\\akk1to\\Documents\\nodejs-projects\\JUDGER\\www\\logs.php on line 4, referer: http://localhost/
[Mon Jan 13 08:51:06.295361 2025] [php7:warn] [pid 14136:tid 1912] [client ::1:51580] PHP Warning:  opendir(a:/submit/Logs/): failed to open dir: No such file or directory in C:\\Users\\akk1to\\Documents\\nodejs-projects\\JUDGER\\www\\logs.php on line 4, referer: http://localhost/
[Mon Jan 13 08:51:06.295361 2025] [php7:warn] [pid 14136:tid 1912] [client ::1:51580] PHP Warning:  readdir() expects parameter 1 to be resource, boolean given in C:\\Users\\akk1to\\Documents\\nodejs-projects\\JUDGER\\www\\logs.php on line 6, referer: http://localhost/
[Mon Jan 13 08:51:08.283634 2025] [php7:warn] [pid 14136:tid 1912] [client ::1:51580] PHP Warning:  opendir(a:/submit/Logs/,a:/submit/Logs/): The system cannot find the path specified. (code: 3) in C:\\Users\\akk1to\\Documents\\nodejs-projects\\JUDGER\\www\\logs.php on line 4, referer: http://localhost/
[Mon Jan 13 08:51:08.283634 2025] [php7:warn] [pid 14136:tid 1912] [client ::1:51580] PHP Warning:  opendir(a:/submit/Logs/): failed to open dir: No such file or directory in C:\\Users\\akk1to\\Documents\\nodejs-projects\\JUDGER\\www\\logs.php on line 4, referer: http://localhost/
[Mon Jan 13 08:51:08.283634 2025] [php7:warn] [pid 14136:tid 1912] [client ::1:51580] PHP Warning:  readdir() expects parameter 1 to be resource, boolean given in C:\\Users\\akk1to\\Documents\\nodejs-projects\\JUDGER\\www\\logs.php on line 6, referer: http://localhost/
[Mon Jan 13 08:51:10.282177 2025] [php7:warn] [pid 14136:tid 1912] [client ::1:51580] PHP Warning:  opendir(a:/submit/Logs/,a:/submit/Logs/): The system cannot find the path specified. (code: 3) in C:\\Users\\akk1to\\Documents\\nodejs-projects\\JUDGER\\www\\logs.php on line 4, referer: http://localhost/
[Mon Jan 13 08:51:10.282177 2025] [php7:warn] [pid 14136:tid 1912] [client ::1:51580] PHP Warning:  opendir(a:/submit/Logs/): failed to open dir: No such file or directory in C:\\Users\\akk1to\\Documents\\nodejs-projects\\JUDGER\\www\\logs.php on line 4, referer: http://localhost/
[Mon Jan 13 08:51:10.282177 2025] [php7:warn] [pid 14136:tid 1912] [client ::1:51580] PHP Warning:  readdir() expects parameter 1 to be resource, boolean given in C:\\Users\\akk1to\\Documents\\nodejs-projects\\JUDGER\\www\\logs.php on line 6, referer: http://localhost/
[Mon Jan 13 08:51:12.284238 2025] [php7:warn] [pid 14136:tid 1912] [client ::1:51580] PHP Warning:  opendir(a:/submit/Logs/,a:/submit/Logs/): The system cannot find the path specified. (code: 3) in C:\\Users\\akk1to\\Documents\\nodejs-projects\\JUDGER\\www\\logs.php on line 4, referer: http://localhost/
[Mon Jan 13 08:51:12.284238 2025] [php7:warn] [pid 14136:tid 1912] [client ::1:51580] PHP Warning:  opendir(a:/submit/Logs/): failed to open dir: No such file or directory in C:\\Users\\akk1to\\Documents\\nodejs-projects\\JUDGER\\www\\logs.php on line 4, referer: http://localhost/
[Mon Jan 13 08:51:12.284238 2025] [php7:warn] [pid 14136:tid 1912] [client ::1:51580] PHP Warning:  readdir() expects parameter 1 to be resource, boolean given in C:\\Users\\akk1to\\Documents\\nodejs-projects\\JUDGER\\www\\logs.php on line 6, referer: http://localhost/
[Mon Jan 13 08:51:14.294621 2025] [php7:warn] [pid 14136:tid 1912] [client ::1:51580] PHP Warning:  opendir(a:/submit/Logs/,a:/submit/Logs/): The system cannot find the path specified. (code: 3) in C:\\Users\\akk1to\\Documents\\nodejs-projects\\JUDGER\\www\\logs.php on line 4, referer: http://localhost/
[Mon Jan 13 08:51:14.294621 2025] [php7:warn] [pid 14136:tid 1912] [client ::1:51580] PHP Warning:  opendir(a:/submit/Logs/): failed to open dir: No such file or directory in C:\\Users\\akk1to\\Documents\\nodejs-projects\\JUDGER\\www\\logs.php on line 4, referer: http://localhost/
[Mon Jan 13 08:51:14.294621 2025] [php7:warn] [pid 14136:tid 1912] [client ::1:51580] PHP Warning:  readdir() expects parameter 1 to be resource, boolean given in C:\\Users\\akk1to\\Documents\\nodejs-projects\\JUDGER\\www\\logs.php on line 6, referer: http://localhost/
[Mon Jan 13 08:51:16.287818 2025] [php7:warn] [pid 14136:tid 1912] [client ::1:51580] PHP Warning:  opendir(a:/submit/Logs/,a:/submit/Logs/): The system cannot find the path specified. (code: 3) in C:\\Users\\akk1to\\Documents\\nodejs-projects\\JUDGER\\www\\logs.php on line 4, referer: http://localhost/
[Mon Jan 13 08:51:16.287818 2025] [php7:warn] [pid 14136:tid 1912] [client ::1:51580] PHP Warning:  opendir(a:/submit/Logs/): failed to open dir: No such file or directory in C:\\Users\\akk1to\\Documents\\nodejs-projects\\JUDGER\\www\\logs.php on line 4, referer: http://localhost/
[Mon Jan 13 08:51:16.287818 2025] [php7:warn] [pid 14136:tid 1912] [client ::1:51580] PHP Warning:  readdir() expects parameter 1 to be resource, boolean given in C:\\Users\\akk1to\\Documents\\nodejs-projects\\JUDGER\\www\\logs.php on line 6, referer: http://localhost/
[Mon Jan 13 08:51:18.296430 2025] [php7:warn] [pid 14136:tid 1912] [client ::1:51580] PHP Warning:  opendir(a:/submit/Logs/,a:/submit/Logs/): The system cannot find the path specified. (code: 3) in C:\\Users\\akk1to\\Documents\\nodejs-projects\\JUDGER\\www\\logs.php on line 4, referer: http://localhost/
[Mon Jan 13 08:51:18.296430 2025] [php7:warn] [pid 14136:tid 1912] [client ::1:51580] PHP Warning:  opendir(a:/submit/Logs/): failed to open dir: No such file or directory in C:\\Users\\akk1to\\Documents\\nodejs-projects\\JUDGER\\www\\logs.php on line 4, referer: http://localhost/
[Mon Jan 13 08:51:18.296430 2025] [php7:warn] [pid 14136:tid 1912] [client ::1:51580] PHP Warning:  readdir() expects parameter 1 to be resource, boolean given in C:\\Users\\akk1to\\Documents\\nodejs-projects\\JUDGER\\www\\logs.php on line 6, referer: http://localhost/
[Mon Jan 13 08:51:19.912417 2025] [php7:warn] [pid 14136:tid 1912] [client ::1:51580] PHP Warning:  opendir(a:/submit/Logs/,a:/submit/Logs/): The system cannot find the path specified. (code: 3) in C:\\Users\\akk1to\\Documents\\nodejs-projects\\JUDGER\\www\\logs.php on line 4, referer: http://localhost/
[Mon Jan 13 08:51:19.912417 2025] [php7:warn] [pid 14136:tid 1912] [client ::1:51580] PHP Warning:  opendir(a:/submit/Logs/): failed to open dir: No such file or directory in C:\\Users\\akk1to\\Documents\\nodejs-projects\\JUDGER\\www\\logs.php on line 4, referer: http://localhost/
[Mon Jan 13 08:51:19.912417 2025] [php7:warn] [pid 14136:tid 1912] [client ::1:51580] PHP Warning:  readdir() expects parameter 1 to be resource, boolean given in C:\\Users\\akk1to\\Documents\\nodejs-projects\\JUDGER\\www\\logs.php on line 6, referer: http://localhost/
[Mon Jan 13 08:51:20.316612 2025] [php7:warn] [pid 14136:tid 1912] [client ::1:51580] PHP Warning:  opendir(a:/submit/Logs/,a:/submit/Logs/): The system cannot find the path specified. (code: 3) in C:\\Users\\akk1to\\Documents\\nodejs-projects\\JUDGER\\www\\logs.php on line 4, referer: http://localhost/
[Mon Jan 13 08:51:20.316612 2025] [php7:warn] [pid 14136:tid 1912] [client ::1:51580] PHP Warning:  opendir(a:/submit/Logs/): failed to open dir: No such file or directory in C:\\Users\\akk1to\\Documents\\nodejs-projects\\JUDGER\\www\\logs.php on line 4, referer: http://localhost/
[Mon Jan 13 08:51:20.316612 2025] [php7:warn] [pid 14136:tid 1912] [client ::1:51580] PHP Warning:  readdir() expects parameter 1 to be resource, boolean given in C:\\Users\\akk1to\\Documents\\nodejs-projects\\JUDGER\\www\\logs.php on line 6, referer: http://localhost/
[Mon Jan 13 08:51:21.305598 2025] [php7:warn] [pid 14136:tid 1912] [client ::1:51580] PHP Warning:  opendir(a:/submit/Logs/,a:/submit/Logs/): The system cannot find the path specified. (code: 3) in C:\\Users\\akk1to\\Documents\\nodejs-projects\\JUDGER\\www\\logs.php on line 4, referer: http://localhost/
[Mon Jan 13 08:51:21.305598 2025] [php7:warn] [pid 14136:tid 1912] [client ::1:51580] PHP Warning:  opendir(a:/submit/Logs/): failed to open dir: No such file or directory in C:\\Users\\akk1to\\Documents\\nodejs-projects\\JUDGER\\www\\logs.php on line 4, referer: http://localhost/
[Mon Jan 13 08:51:21.305598 2025] [php7:warn] [pid 14136:tid 1912] [client ::1:51580] PHP Warning:  readdir() expects parameter 1 to be resource, boolean given in C:\\Users\\akk1to\\Documents\\nodejs-projects\\JUDGER\\www\\logs.php on line 6, referer: http://localhost/
[Mon Jan 13 08:51:22.310663 2025] [php7:warn] [pid 14136:tid 1912] [client ::1:51580] PHP Warning:  opendir(a:/submit/Logs/,a:/submit/Logs/): The system cannot find the path specified. (code: 3) in C:\\Users\\akk1to\\Documents\\nodejs-projects\\JUDGER\\www\\logs.php on line 4, referer: http://localhost/
[Mon Jan 13 08:51:22.310663 2025] [php7:warn] [pid 14136:tid 1912] [client ::1:51580] PHP Warning:  opendir(a:/submit/Logs/): failed to open dir: No such file or directory in C:\\Users\\akk1to\\Documents\\nodejs-projects\\JUDGER\\www\\logs.php on line 4, referer: http://localhost/
[Mon Jan 13 08:51:22.310663 2025] [php7:warn] [pid 14136:tid 1912] [client ::1:51580] PHP Warning:  readdir() expects parameter 1 to be resource, boolean given in C:\\Users\\akk1to\\Documents\\nodejs-projects\\JUDGER\\www\\logs.php on line 6, referer: http://localhost/
[Mon Jan 13 08:51:23.309570 2025] [php7:warn] [pid 14136:tid 1912] [client ::1:51580] PHP Warning:  opendir(a:/submit/Logs/,a:/submit/Logs/): The system cannot find the path specified. (code: 3) in C:\\Users\\akk1to\\Documents\\nodejs-projects\\JUDGER\\www\\logs.php on line 4, referer: http://localhost/
[Mon Jan 13 08:51:23.309570 2025] [php7:warn] [pid 14136:tid 1912] [client ::1:51580] PHP Warning:  opendir(a:/submit/Logs/): failed to open dir: No such file or directory in C:\\Users\\akk1to\\Documents\\nodejs-projects\\JUDGER\\www\\logs.php on line 4, referer: http://localhost/
[Mon Jan 13 08:51:23.309570 2025] [php7:warn] [pid 14136:tid 1912] [client ::1:51580] PHP Warning:  readdir() expects parameter 1 to be resource, boolean given in C:\\Users\\akk1to\\Documents\\nodejs-projects\\JUDGER\\www\\logs.php on line 6, referer: http://localhost/
[Mon Jan 13 08:51:24.317694 2025] [php7:warn] [pid 14136:tid 1912] [client ::1:51580] PHP Warning:  opendir(a:/submit/Logs/,a:/submit/Logs/): The system cannot find the path specified. (code: 3) in C:\\Users\\akk1to\\Documents\\nodejs-projects\\JUDGER\\www\\logs.php on line 4, referer: http://localhost/
[Mon Jan 13 08:51:24.317694 2025] [php7:warn] [pid 14136:tid 1912] [client ::1:51580] PHP Warning:  opendir(a:/submit/Logs/): failed to open dir: No such file or directory in C:\\Users\\akk1to\\Documents\\nodejs-projects\\JUDGER\\www\\logs.php on line 4, referer: http://localhost/
[Mon Jan 13 08:51:24.317694 2025] [php7:warn] [pid 14136:tid 1912] [client ::1:51580] PHP Warning:  readdir() expects parameter 1 to be resource, boolean given in C:\\Users\\akk1to\\Documents\\nodejs-projects\\JUDGER\\www\\logs.php on line 6, referer: http://localhost/
